Genomic Distance,Column1,Li 2017,Cell2,Cell3,Cell4,Cell5,Cell6,Cell7,Cell8,Cell9,Cell10,Cell11,Cell12,Cell13,Cell14,Cell15,Cell16,Cell17,Cell18,Cell19,Cell20,avee
13,13000,0.1,0.1,0.1,0.1,0.1,0.1,0.1,0.1,0.1,0.1,0.1,0.1,0.1,0.1,0.1,0.1,0.1,0.1,0.1,0.1,0.1
118,118020,0.145889,0.159399,0.151681,0.152541,0.15217,0.153522,0.159101,0.148589,0.160455,0.153039,0.155986,0.145758,0.151622,0.156304,0.154539,0.147778,0.148855,0.15835,0.149942,0.161396,0.1533458
236,236040,0.200382,0.226897,0.199609,0.204251,0.208721,0.218442,0.225707,0.199218,0.216962,0.20378,0.215113,0.198942,0.202304,0.217295,0.210307,0.210699,0.19741,0.216138,0.204575,0.228224,0.2102488
354,354060,0.248614,0.277699,0.24532,0.250076,0.256417,0.279544,0.275896,0.243605,0.255877,0.254782,0.268065,0.251811,0.248653,0.263019,0.252293,0.245947,0.236205,0.264944,0.258365,0.285108,0.258112
472,472080,0.289663,0.315633,0.290354,0.291332,0.296193,0.338034,0.314709,0.291499,0.291716,0.295575,0.319171,0.298715,0.291617,0.302201,0.289614,0.283925,0.273784,0.301569,0.302627,0.327393,0.3002662
590,590100,0.329884,0.344232,0.331443,0.329231,0.330262,0.392535,0.347331,0.324911,0.321167,0.334624,0.361811,0.339934,0.327147,0.334711,0.332057,0.312942,0.30776,0.332114,0.343742,0.364385,0.33711115
708,708120,0.371237,0.367499,0.367193,0.35548,0.360888,0.440345,0.374002,0.355332,0.3453,0.361272,0.399846,0.382842,0.36013,0.364059,0.365825,0.338144,0.339449,0.35368,0.381541,0.394721,0.36893925
826,826140,0.411089,0.389776,0.396452,0.383247,0.384667,0.488114,0.403548,0.386655,0.368437,0.390144,0.435684,0.423295,0.387952,0.391594,0.395077,0.364058,0.370466,0.375105,0.409823,0.419843,0.3987513
944,944160,0.4466,0.409628,0.43046,0.404207,0.407332,0.53594,0.425296,0.412728,0.391395,0.418507,0.467187,0.463225,0.414526,0.418671,0.420345,0.385883,0.399249,0.396539,0.433675,0.440128,0.42607605
"1,062",1062180,0.479284,0.428122,0.459897,0.424158,0.424778,0.580578,0.444125,0.440076,0.409109,0.438716,0.494976,0.497009,0.442237,0.43688,0.443065,0.402899,0.426776,0.418578,0.454056,0.452005,0.4498662
"1,180",1180200,0.504945,0.443302,0.483686,0.444497,0.441941,0.623045,0.460933,0.466705,0.425408,0.454304,0.517592,0.524409,0.46,0.453577,0.462769,0.418911,0.449957,0.438983,0.470172,0.464583,0.47048595
"1,298",1298220,0.530763,0.456761,0.508301,0.4621,0.457641,0.660992,0.474851,0.493324,0.438992,0.468103,0.543331,0.552891,0.477446,0.470226,0.478812,0.43219,0.468911,0.457739,0.479977,0.47816,0.48957555
"1,416",1416240,0.555484,0.469651,0.530374,0.47402,0.472802,0.696107,0.484978,0.517447,0.451014,0.479098,0.568004,0.576091,0.493091,0.488733,0.494308,0.446139,0.483034,0.474867,0.487487,0.495577,0.5069153
"1,534",1534260,0.578965,0.479905,0.551282,0.480894,0.487409,0.727946,0.496895,0.541641,0.461166,0.491252,0.590137,0.598391,0.507861,0.508976,0.508927,0.458617,0.500529,0.490746,0.500569,0.506898,0.5234503
"1,652",1652280,0.601038,0.487843,0.568773,0.493145,0.501299,0.759911,0.508274,0.564739,0.473121,0.506795,0.610155,0.625169,0.520421,0.530215,0.520146,0.46816,0.514261,0.507894,0.517258,0.517395,0.5398006
"1,770",1770300,0.621238,0.497765,0.584976,0.497958,0.512238,0.788885,0.522437,0.584864,0.483347,0.52311,0.627015,0.647199,0.529945,0.54319,0.531096,0.475475,0.533064,0.521772,0.535068,0.527678,0.554416
"1,888",1888320,0.641274,0.506681,0.599294,0.508427,0.521943,0.814401,0.531469,0.603972,0.494907,0.538416,0.64554,0.668116,0.541357,0.5577,0.544902,0.482914,0.549921,0.534999,0.552801,0.536238,0.5687636
"2,006",2006340,0.661455,0.510784,0.609756,0.515,0.528392,0.83817,0.534995,0.620857,0.503505,0.553479,0.663375,0.689817,0.550557,0.571975,0.55361,0.492399,0.564719,0.547289,0.57181,0.541055,0.58114995
"2,124",2124360,0.68318,0.512852,0.618873,0.521228,0.538811,0.860286,0.535836,0.636758,0.508049,0.568973,0.681767,0.71057,0.556201,0.584457,0.564224,0.502092,0.58044,0.559176,0.590389,0.54529,0.5929726
"2,242",2242380,0.702325,0.518149,0.626244,0.527711,0.548157,0.880329,0.529949,0.648858,0.508847,0.580036,0.69611,0.731381,0.56174,0.596581,0.577095,0.507842,0.59178,0.567456,0.608134,0.548518,0.6028621
"2,360",2360400,0.722004,0.523388,0.6369,0.535822,0.554776,0.897879,0.529753,0.660688,0.509515,0.591652,0.712603,0.751188,0.569424,0.607359,0.593968,0.511944,0.60552,0.57627,0.627239,0.548027,0.61329595
"2,478",2478420,0.741412,0.524047,0.646305,0.539927,0.561385,0.912055,0.533698,0.673834,0.513769,0.605098,0.726621,0.7672,0.576437,0.613413,0.607064,0.513482,0.621425,0.584074,0.642171,0.54511,0.62242635
"2,596",2596440,0.760025,0.522094,0.655675,0.540687,0.563944,0.924389,0.533781,0.687669,0.519146,0.618649,0.741528,0.785002,0.584046,0.618288,0.61967,0.511163,0.63205,0.5888,0.657994,0.543297,0.63039485
"2,714",2714460,0.779605,0.522434,0.664247,0.54055,0.572322,0.935894,0.535093,0.703274,0.525947,0.628547,0.75675,0.801942,0.595513,0.623632,0.632804,0.508534,0.643665,0.591647,0.672214,0.546804,0.6390709
"2,832",2832480,0.798611,0.531443,0.675738,0.542238,0.57915,0.947699,0.54082,0.719204,0.533924,0.639813,0.774495,0.818599,0.609387,0.630553,0.645159,0.505465,0.65564,0.595152,0.68414,0.551823,0.64895265
"2,951",2950500,0.819884,0.542785,0.683553,0.545572,0.590212,0.959362,0.547214,0.73188,0.544653,0.64871,0.795001,0.831481,0.624851,0.638534,0.654324,0.500206,0.662619,0.601385,0.696419,0.558554,0.65885995
"3,069",3068520,0.837973,0.555863,0.691705,0.549845,0.601112,0.971406,0.554557,0.742994,0.550046,0.657523,0.814095,0.843275,0.639151,0.644104,0.667206,0.493134,0.667621,0.608024,0.705404,0.568862,0.668195
"3,187",3186540,0.853799,0.566635,0.699638,0.557543,0.615559,0.980668,0.560373,0.756742,0.551858,0.662931,0.829253,0.854909,0.652577,0.6482,0.683209,0.490234,0.669806,0.612603,0.715011,0.579525,0.67705365
"3,305",3304560,0.869076,0.57575,0.706967,0.560171,0.62994,0.988922,0.567371,0.769494,0.554628,0.672743,0.843982,0.8639,0.664404,0.647283,0.693905,0.487358,0.672236,0.61457,0.720795,0.586086,0.68447905
"3,423",3422580,0.884409,0.585551,0.709264,0.564242,0.638978,0.996388,0.572568,0.779415,0.555936,0.677028,0.856143,0.874787,0.674886,0.647162,0.701727,0.483986,0.67434,0.613055,0.72448,0.589316,0.69018305
"3,541",3540600,0.897415,0.597181,0.713345,0.573972,0.649327,1.00523,0.572325,0.788802,0.561482,0.684138,0.866676,0.884235,0.683962,0.651232,0.711294,0.480396,0.675271,0.613021,0.730235,0.591059,0.6965299
"3,659",3658620,0.906988,0.611089,0.720715,0.583153,0.65802,1.01276,0.573497,0.798567,0.568673,0.691947,0.873929,0.895638,0.690977,0.657227,0.720042,0.481236,0.678365,0.611345,0.732533,0.590921,0.7028811
"3,777",3776640,0.91444,0.620521,0.726584,0.589574,0.667846,1.02012,0.573936,0.805916,0.580754,0.695027,0.877957,0.906138,0.694479,0.663311,0.725103,0.478995,0.684262,0.605502,0.734266,0.589764,0.70772475
"3,895",3894660,0.923866,0.62805,0.734972,0.597594,0.680043,1.02711,0.573795,0.814306,0.591184,0.698062,0.880336,0.917634,0.695288,0.665782,0.736932,0.477808,0.68548,0.60196,0.733127,0.592211,0.712777
"4,013",4012680,0.930559,0.633299,0.742961,0.606179,0.69414,1.03312,0.575781,0.823186,0.602589,0.703133,0.883212,0.928459,0.700217,0.669849,0.743419,0.477997,0.687593,0.599815,0.734583,0.596908,0.71834995
"4,131",4130700,0.937025,0.638045,0.751315,0.613883,0.70935,1.03908,0.578423,0.83064,0.612204,0.704233,0.884718,0.940059,0.704954,0.673888,0.752977,0.472745,0.69208,0.59753,0.734276,0.599337,0.7233381
"4,249",4248720,0.944196,0.64398,0.755031,0.620379,0.722155,1.04737,0.584704,0.837884,0.61923,0.705202,0.883923,0.954663,0.709758,0.677057,0.760689,0.468624,0.694005,0.601917,0.735765,0.604954,0.7285743
"4,367",4366740,0.95198,0.648844,0.761327,0.625515,0.736068,1.05535,0.5921,0.844737,0.625,0.710022,0.882603,0.968557,0.715656,0.682767,0.772813,0.470564,0.696346,0.607971,0.737388,0.616633,0.73511205
"4,485",4484760,0.960416,0.657833,0.768288,0.629722,0.747779,1.06508,0.597191,0.845434,0.629793,0.714378,0.880505,0.980997,0.719855,0.688383,0.783597,0.472246,0.696683,0.616267,0.741336,0.619252,0.74075175
"4,603",4602780,0.96586,0.663102,0.77378,0.637038,0.757978,1.07629,0.601338,0.84666,0.635065,0.71963,0.881037,0.992493,0.723291,0.691219,0.797615,0.472736,0.695474,0.622838,0.74726,0.621463,0.74610835
"4,721",4720800,0.974169,0.670521,0.780528,0.640248,0.767064,1.08655,0.602578,0.844756,0.63814,0.724271,0.882885,1.00415,0.726937,0.695507,0.808622,0.473964,0.694779,0.631626,0.752462,0.622491,0.7511124
"4,839",4838820,0.982915,0.672156,0.787046,0.641888,0.773372,1.09823,0.600077,0.84279,0.637657,0.730023,0.884129,1.01888,0.729602,0.698067,0.822221,0.478306,0.693358,0.6362,0.753531,0.622359,0.75514035
"4,957",4956840,0.991772,0.675636,0.792158,0.647467,0.779847,1.11057,0.600628,0.840848,0.638648,0.736359,0.887404,1.03359,0.732885,0.702339,0.832789,0.483058,0.693733,0.644987,0.753361,0.62039,0.75992345
"5,075",5074860,1.00075,0.67742,0.796227,0.653294,0.784697,1.12334,0.599466,0.838026,0.640226,0.740897,0.88794,1.04908,0.735231,0.706791,0.840308,0.489212,0.694744,0.653461,0.753431,0.616715,0.7640628
"5,193",5192880,1.01176,0.675988,0.796821,0.65813,0.790141,1.13434,0.598243,0.834749,0.642779,0.7484,0.889797,1.06294,0.736267,0.710091,0.850299,0.489296,0.697532,0.663528,0.752935,0.613603,0.76788195
"5,311",5310900,1.0225,0.674404,0.799459,0.661725,0.794745,1.1449,0.601483,0.82766,0.645671,0.756733,0.894061,1.07583,0.734935,0.709237,0.86203,0.486688,0.699917,0.672935,0.752726,0.614407,0.7716023
"5,429",5428920,1.03542,0.677042,0.802425,0.669964,0.799207,1.15499,0.606684,0.821389,0.649494,0.767458,0.893742,1.08849,0.736296,0.711238,0.869725,0.491587,0.707045,0.684034,0.755376,0.616785,0.77691955
"5,547",5546940,1.0469,0.681693,0.802544,0.677101,0.804524,1.16465,0.61178,0.819397,0.656144,0.778882,0.891478,1.10052,0.735827,0.71185,0.874996,0.493123,0.713258,0.6943,0.75615,0.62164,0.78183785
"5,665",5664960,1.06036,0.684704,0.804745,0.687435,0.807982,1.172,0.618143,0.81336,0.662308,0.790537,0.889429,1.11304,0.733613,0.71179,0.880091,0.493416,0.720578,0.701004,0.757917,0.624396,0.7863424
"5,783",5782980,1.07437,0.684386,0.806284,0.699875,0.81003,1.17811,0.619647,0.806747,0.674352,0.800898,0.885607,1.12287,0.731158,0.710119,0.885218,0.497236,0.732301,0.710802,0.761941,0.622424,0.79071875
"5,901",5901000,1.08843,0.686027,0.811354,0.711753,0.813084,1.1824,0.624837,0.795168,0.685901,0.813124,0.881534,1.13054,0.732297,0.705205,0.892624,0.500491,0.742665,0.720204,0.76775,0.622621,0.79540045
"6,019",6019020,1.10024,0.68681,0.811886,0.725952,0.814657,1.18567,0.6297,0.78212,0.696827,0.82271,0.876412,1.13828,0.731006,0.698593,0.89885,0.503105,0.752358,0.727502,0.774017,0.622588,0.79896415
"6,137",6137040,1.10986,0.687777,0.817755,0.737908,0.818261,1.18522,0.63065,0.772161,0.708209,0.832803,0.869451,1.1456,0.728076,0.690859,0.905882,0.507399,0.759138,0.733289,0.78335,0.622077,0.80228625
"6,255",6255060,1.11915,0.69223,0.821294,0.751742,0.818105,1.1873,0.628108,0.762453,0.719783,0.842138,0.865075,1.15492,0.72568,0.68635,0.913858,0.514017,0.769441,0.742948,0.792779,0.617298,0.80623345
"6,373",6373080,1.12972,0.699316,0.823561,0.763698,0.8197,1.19198,0.630517,0.757123,0.729643,0.854064,0.860934,1.16377,0.721388,0.680684,0.91941,0.5153,0.781129,0.750173,0.800851,0.612971,0.8102966
"6,491",6491100,1.13902,0.70127,0.825598,0.773948,0.822418,1.19693,0.635699,0.753807,0.733979,0.864298,0.854923,1.17051,0.718675,0.675819,0.923862,0.519405,0.788638,0.757208,0.806746,0.618262,0.81405075
"6,609",6609120,1.14814,0.705593,0.828638,0.784439,0.825384,1.20151,0.640663,0.753617,0.740976,0.87472,0.848253,1.17703,0.71544,0.669813,0.930687,0.53053,0.798594,0.766216,0.811607,0.626912,0.8189381
"6,727",6727140,1.15388,0.706199,0.831796,0.794057,0.830044,1.20627,0.646421,0.751998,0.752323,0.883435,0.844218,1.18239,0.711896,0.666761,0.929778,0.53909,0.811794,0.776814,0.814433,0.638278,0.82359375
"6,845",6845160,1.15818,0.699032,0.831783,0.802518,0.830955,1.20895,0.648855,0.753128,0.762323,0.895793,0.844245,1.18565,0.715182,0.662849,0.929104,0.546182,0.824434,0.782947,0.819245,0.647972,0.82746635
"6,963",6963180,1.16399,0.692884,0.830305,0.808852,0.830235,1.21162,0.659674,0.754638,0.774113,0.906291,0.843549,1.18762,0.718617,0.662132,0.933812,0.55017,0.836139,0.788376,0.823406,0.656914,0.83166685
"7,081",7081200,1.16888,0.683314,0.831168,0.809617,0.831021,1.21635,0.67106,0.757897,0.783756,0.917476,0.844083,1.18745,0.720509,0.66264,0.942325,0.550209,0.847368,0.792784,0.828085,0.663519,0.83547555
"7,199",7199220,1.17399,0.679887,0.827307,0.811018,0.832899,1.21964,0.685196,0.761284,0.793486,0.928417,0.847556,1.18813,0.723948,0.664379,0.949996,0.552957,0.862188,0.794948,0.833203,0.674141,0.8402285
"7,317",7317240,1.17613,0.674585,0.827548,0.811719,0.83302,1.22266,0.697561,0.7648,0.802621,0.941252,0.845198,1.18558,0.727316,0.664198,0.958896,0.554088,0.876247,0.797216,0.839301,0.686131,0.84430335
"7,435",7435260,1.18,0.673404,0.824892,0.81145,0.833074,1.226,0.707058,0.768404,0.815049,0.951355,0.844856,1.18351,0.733373,0.662924,0.969656,0.555223,0.894813,0.798309,0.844097,0.693985,0.8485716
"7,553",7553280,1.18406,0.677037,0.821627,0.813873,0.833595,1.22807,0.713857,0.7729,0.824079,0.960722,0.842773,1.18169,0.739862,0.661638,0.977203,0.558915,0.91161,0.799676,0.847307,0.700628,0.8525561
"7,671",7671300,1.19053,0.68657,0.819007,0.812756,0.837002,1.2322,0.71814,0.775951,0.827169,0.968163,0.840569,1.17882,0.747365,0.659336,0.984227,0.564015,0.926507,0.798398,0.851134,0.702536,0.85601975
"7,789",7789320,1.19632,0.691326,0.818014,0.811971,0.840999,1.23832,0.721319,0.78137,0.834571,0.97579,0.83845,1.17379,0.754248,0.659185,0.988743,0.572905,0.942163,0.798937,0.856516,0.703335,0.8599136
"7,907",7907340,1.20224,0.695513,0.817644,0.810575,0.840103,1.24346,0.724725,0.789009,0.837704,0.98208,0.831519,1.16913,0.759359,0.65609,0.996427,0.587624,0.956577,0.795822,0.862725,0.705269,0.86317975
"8,025",8025360,1.21028,0.700367,0.814757,0.812424,0.835243,1.25077,0.724917,0.796759,0.842982,0.990657,0.829587,1.16475,0.765098,0.657606,1.00149,0.600685,0.97111,0.797767,0.865145,0.710277,0.86713355
"8,143",8143380,1.22075,0.710731,0.815172,0.814321,0.83064,1.26011,0.730187,0.803409,0.847995,0.99812,0.826357,1.16057,0.774449,0.657483,1.00803,0.612101,0.986907,0.797656,0.864306,0.711216,0.8715255
"8,261",8261400,1.2299,0.722182,0.814746,0.820259,0.825892,1.26957,0.739721,0.809372,0.854768,1.00543,0.82311,1.15545,0.783499,0.662686,1.01247,0.620887,0.999555,0.796954,0.8644,0.708778,0.87598145
"8,379",8379420,1.23969,0.730628,0.81651,0.826944,0.819155,1.27849,0.745388,0.813194,0.85856,1.0131,0.818628,1.14976,0.793013,0.669329,1.01664,0.632294,1.00982,0.796928,0.863221,0.702077,0.87966845
"8,497",8497440,1.25228,0.73701,0.818109,0.833178,0.810238,1.28611,0.751602,0.817458,0.864754,1.02015,0.813786,1.14286,0.801584,0.674078,1.02134,0.639911,1.01898,0.797488,0.862467,0.695871,0.8829627
"8,615",8615460,1.26631,0.73852,0.820792,0.835703,0.804175,1.29469,0.760708,0.824201,0.870411,1.02473,0.813778,1.13598,0.817901,0.677214,1.02557,0.647099,1.02847,0.798182,0.862487,0.688497,0.8867709
"8,733",8733480,1.28121,0.739861,0.825121,0.844911,0.798908,1.30027,0.772142,0.829887,0.878123,1.03221,0.813077,1.12799,0.830711,0.681297,1.03141,0.655455,1.03589,0.799417,0.861502,0.680307,0.89098495
"8,852",8851500,1.29573,0.742223,0.833924,0.85067,0.793036,1.30591,0.783463,0.838681,0.883973,1.03989,0.812868,1.1179,0.84583,0.683904,1.0364,0.658747,1.04153,0.800572,0.857988,0.668755,0.8945997
"8,970",8969520,1.31215,0.744628,0.841427,0.858479,0.784044,1.31117,0.795764,0.845499,0.893783,1.04653,0.816336,1.11162,0.860012,0.686027,1.03954,0.662192,1.04878,0.800758,0.853946,0.659586,0.89861355
"9,088",9087540,1.32911,0.744731,0.849312,0.869081,0.778621,1.31462,0.804102,0.853014,0.905397,1.0536,0.821678,1.10593,0.873928,0.688868,1.04089,0.665127,1.05787,0.798737,0.853477,0.651111,0.9029602
"9,206",9205560,1.34754,0.747008,0.856791,0.880759,0.777304,1.31861,0.811371,0.860483,0.91857,1.05911,0.829247,1.1011,0.889006,0.688751,1.04223,0.667998,1.06507,0.79732,0.854514,0.640217,0.90764995
"9,324",9323580,1.36665,0.744167,0.861932,0.894076,0.77835,1.32027,0.814937,0.86613,0.932293,1.06502,0.835174,1.09588,0.906498,0.687767,1.04245,0.668925,1.07198,0.795245,0.853731,0.634923,0.9118199
"9,442",9441600,1.38467,0.739354,0.866978,0.906573,0.782367,1.32005,0.82328,0.873272,0.947051,1.06792,0.841659,1.09138,0.923465,0.688529,1.03981,0.666271,1.07928,0.791562,0.851323,0.625463,0.91551285
"9,560",9559620,1.39993,0.727707,0.874122,0.918643,0.781644,1.31631,0.833339,0.879658,0.96185,1.07441,0.844657,1.0883,0.937283,0.690765,1.04,0.664851,1.08483,0.790363,0.84722,0.619153,0.91875175
"9,678",9677640,1.41488,0.713698,0.880685,0.928171,0.785245,1.31288,0.841676,0.886693,0.976577,1.08331,0.849884,1.08716,0.950304,0.689194,1.03835,0.662251,1.08997,0.792855,0.845571,0.615126,0.922224
"9,796",9795660,1.43091,0.699203,0.88892,0.936979,0.788697,1.3073,0.849374,0.8916,0.992295,1.09067,0.857949,1.0845,0.963405,0.691461,1.03761,0.661445,1.09692,0.796896,0.843423,0.613069,0.9261313
"9,914",9913680,1.44865,0.683989,0.894742,0.944145,0.790619,1.30283,0.854744,0.899541,1.00672,1.09528,0.870231,1.08229,0.973039,0.69039,1.0348,0.658953,1.10146,0.79969,0.843283,0.612962,0.9294179
"10,032",10031700,1.46353,0.674408,0.901545,0.951509,0.792659,1.29692,0.860454,0.907081,1.01703,1.10159,0.880355,1.07735,0.981939,0.690902,1.03272,0.66068,1.1023,0.800889,0.84425,0.618957,0.9328534
"10,150",10149700,1.47926,0.664185,0.909725,0.959339,0.798771,1.29015,0.864392,0.916597,1.0278,1.10501,0.885107,1.07512,0.986987,0.68772,1.02957,0.661874,1.1044,0.805983,0.843636,0.622401,0.93590135
"10,268",10267700,1.49176,0.656984,0.922348,0.97296,0.808074,1.28354,0.864755,0.926135,1.03764,1.10852,0.891765,1.06645,0.990778,0.678421,1.0307,0.659934,1.10648,0.809929,0.845472,0.625182,0.93889135
"10,386",10385800,1.50485,0.648844,0.934511,0.983314,0.814803,1.27487,0.864437,0.939123,1.04457,1.11277,0.892939,1.05532,0.995133,0.671291,1.02903,0.658883,1.10942,0.811432,0.851285,0.623974,0.94103995
"10,504",10503800,1.52018,0.645858,0.948297,0.990699,0.822885,1.26647,0.869763,0.952789,1.05067,1.11725,0.893885,1.0423,0.999331,0.66539,1.02647,0.660864,1.11159,0.813073,0.857825,0.622883,0.9439236
"10,622",10621800,1.53346,0.645334,0.960189,0.996767,0.829649,1.26,0.875092,0.96581,1.05851,1.12199,0.897561,1.0291,1.00273,0.664007,1.02032,0.662775,1.11158,0.813831,0.864599,0.626101,0.94697025
"10,740",10739800,1.54563,0.64758,0.973222,1.00247,0.832437,1.25383,0.884887,0.979874,1.06383,1.12762,0.901679,1.01453,1.00603,0.662425,1.01193,0.666817,1.11183,0.813633,0.874181,0.629593,0.9502014
"10,858",10857800,1.55836,0.654613,0.985936,1.01282,0.834532,1.24826,0.897724,0.994222,1.0705,1.13264,0.907607,0.998651,1.01332,0.663494,1.00398,0.672355,1.1115,0.816057,0.888624,0.636547,0.9550871
"10,976",10975900,1.57184,0.661774,0.998382,1.02376,0.83498,1.24415,0.904704,1.00649,1.07864,1.14116,0.912645,0.981515,1.01989,0.663362,0.996841,0.680344,1.11108,0.816166,0.904084,0.642515,0.9597161
"11,094",11093900,1.58406,0.662807,1.01144,1.0378,0.833026,1.23805,0.912118,1.01868,1.0857,1.15103,0.918264,0.964706,1.02715,0.668059,0.991432,0.689013,1.10997,0.819288,0.917299,0.648341,0.96441165
"11,212",11211900,1.59794,0.661664,1.02175,1.04776,0.830475,1.23198,0.92048,1.02807,1.09185,1.16508,0.921768,0.94877,1.03546,0.677524,0.988944,0.695541,1.10692,0.821198,0.930863,0.655192,0.96896145
"11,330",11329900,1.61245,0.661216,1.03051,1.05738,0.825608,1.22538,0.927797,1.03865,1.09948,1.17723,0.922411,0.931373,1.04312,0.686033,0.982982,0.704239,1.10383,0.818317,0.943567,0.664382,0.97279775
"11,448",11447900,1.62277,0.662589,1.0369,1.06349,0.822087,1.2197,0.936374,1.05021,1.10421,1.19047,0.929218,0.91303,1.04909,0.695352,0.975298,0.713359,1.10012,0.813397,0.952125,0.670887,0.9760338
"11,566",11566000,1.63471,0.668657,1.04405,1.07175,0.822354,1.21342,0.944346,1.06017,1.10824,1.20608,0.930528,0.893651,1.05695,0.704198,0.968672,0.72011,1.09281,0.807715,0.959177,0.676813,0.97922005
"11,684",11684000,1.64684,0.683629,1.05179,1.08016,0.823112,1.20471,0.944291,1.06706,1.1137,1.22013,0.927855,0.878077,1.06198,0.70917,0.96372,0.72028,1.08662,0.802094,0.966829,0.682355,0.9817201
"11,802",11802000,1.65605,0.694616,1.0582,1.08972,0.824773,1.19281,0.946732,1.07523,1.11696,1.23703,0.927311,0.859525,1.07134,0.712962,0.954012,0.718142,1.08153,0.793572,0.974412,0.682156,0.98335415
"11,920",11920000,1.66601,0.701241,1.06462,1.09756,0.827026,1.17934,0.950033,1.08363,1.11572,1.25831,0.927268,0.844625,1.07969,0.714643,0.947893,0.720864,1.07739,0.792096,0.982955,0.685626,0.985827
"12,038",12038000,1.67451,0.700777,1.07235,1.10411,0.829445,1.16364,0.957288,1.09417,1.11661,1.27846,0.926826,0.825175,1.08887,0.719653,0.943752,0.722603,1.0727,0.791857,0.989708,0.689792,0.9881148
"12,156",12156100,1.68032,0.698079,1.07328,1.11063,0.826982,1.14998,0.965061,1.10122,1.11511,1.29921,0.926795,0.807956,1.09811,0.724152,0.941312,0.72358,1.06673,0.793764,1.00103,0.694181,0.9898741
"12,274",12274100,1.68233,0.696859,1.0747,1.11445,0.825083,1.13536,0.972202,1.10402,1.11171,1.32123,0.923056,0.787373,1.10636,0.725411,0.93693,0.722794,1.0601,0.794305,1.01081,0.699103,0.9902093
"12,392",12392100,1.68274,0.702776,1.0764,1.11676,0.825216,1.12286,0.976621,1.10856,1.11027,1.3383,0.920948,0.768481,1.11028,0.728605,0.931778,0.727488,1.05525,0.79596,1.02169,0.711057,0.991602
"12,510",12510100,1.68168,0.707142,1.08245,1.1199,0.820502,1.11158,0.983798,1.11411,1.11373,1.35699,0.920097,0.751652,1.11508,0.732461,0.930025,0.731545,1.05154,0.801802,1.03612,0.722395,0.99422995
"12,628",12628100,1.67608,0.70893,1.08883,1.12179,0.819167,1.10247,0.988096,1.11788,1.11717,1.37546,0.917588,0.732066,1.11898,0.738612,0.92745,0.736453,1.04942,0.810463,1.05215,0.731046,0.99650505
"12,746",12746200,1.67181,0.711243,1.0966,1.12436,0.814254,1.09722,0.991703,1.12572,1.11776,1.39431,0.920346,0.717796,1.12263,0.745651,0.923889,0.741433,1.0464,0.8179,1.0694,0.741326,0.99958755
"12,864",12864200,1.66838,0.710689,1.10613,1.13015,0.812738,1.09438,0.995091,1.13378,1.11843,1.41222,0.919339,0.705417,1.12413,0.7453,0.920886,0.742793,1.04752,0.823614,1.08917,0.749456,1.00248065
"12,982",12982200,1.66232,0.70636,1.11278,1.13324,0.805697,1.09271,1.00262,1.13848,1.11758,1.42899,0.918954,0.694176,1.12357,0.745855,0.91715,0.747368,1.04384,0.830229,1.10835,0.759857,1.0045063
"13,100",13100200,1.65697,0.701409,1.11782,1.13876,0.802267,1.08835,1.0092,1.14421,1.12024,1.44925,0.915504,0.684765,1.12467,0.753664,0.915848,0.753142,1.04225,0.837877,1.12957,0.766461,1.00761135
"13,218",13218200,1.6528,0.696542,1.12261,1.14252,0.79906,1.08304,1.01116,1.14888,1.12277,1.46989,0.909335,0.6771,1.12588,0.766093,0.915238,0.750615,1.03853,0.84573,1.14827,0.774495,1.0100279
"13,336",13336300,1.65383,0.696581,1.12591,1.15174,0.800923,1.07838,1.01244,1.15234,1.12813,1.49349,0.906155,0.667927,1.12965,0.781739,0.91366,0.745514,1.0343,0.852572,1.1703,0.77793,1.01367555
"13,454",13454300,1.6498,0.702919,1.12458,1.15759,0.808172,1.07073,1.01239,1.15712,1.13457,1.51285,0.905546,0.660562,1.13271,0.7937,0.913939,0.741512,1.03247,0.859504,1.19102,0.776755,1.01692195
"13,572",13572300,1.64743,0.708571,1.12238,1.1684,0.813083,1.06612,1.01347,1.16243,1.13786,1.53966,0.903808,0.653146,1.13685,0.798033,0.913227,0.740549,1.02463,0.866857,1.20917,0.777419,1.02015465
"13,690",13690300,1.64618,0.715193,1.1201,1.17946,0.814794,1.06475,1.01336,1.16736,1.13949,1.56341,0.903365,0.649336,1.1358,0.800597,0.908081,0.741577,1.0196,0.871416,1.22653,0.77549,1.02279445
"13,808",13808300,1.64707,0.724623,1.12248,1.18916,0.818455,1.06795,1.00931,1.1706,1.14603,1.58856,0.900898,0.651692,1.13684,0.801237,0.90566,0.741405,1.00872,0.875794,1.23907,0.768943,1.02572485
"13,926",13926400,1.65214,0.72877,1.12058,1.20157,0.828211,1.07125,1.00584,1.17876,1.15044,1.61035,0.897695,0.65103,1.14006,0.806863,0.90815,0.737527,0.998021,0.885203,1.24983,0.765021,1.02936555
"14,044",14044400,1.65746,0.735847,1.11965,1.21276,0.835658,1.07408,1.0062,1.18711,1.1579,1.63334,0.88748,0.650917,1.14629,0.81573,0.906609,0.734505,0.987859,0.897639,1.26174,0.762807,1.03357905
"14,162",14162400,1.66748,0.744578,1.11699,1.22408,0.842453,1.07617,1.0062,1.19523,1.16231,1.65413,0.884997,0.647794,1.15138,0.825811,0.904453,0.730388,0.973166,0.903905,1.27064,0.756975,1.0369565
"14,280",14280400,1.67386,0.755742,1.11412,1.23685,0.847322,1.07967,1.01011,1.19869,1.16113,1.6731,0.885627,0.647835,1.1515,0.832624,0.902779,0.731633,0.966617,0.909491,1.28081,0.757143,1.04083265
"14,398",14398400,1.67893,0.77122,1.1082,1.25306,0.848494,1.08783,1.01818,1.20018,1.16029,1.68927,0.889024,0.651463,1.1532,0.837871,0.902179,0.733213,0.961186,0.913385,1.29073,0.752246,1.04500755
"14,517",14516500,1.68056,0.78452,1.10431,1.26999,0.848157,1.0955,1.02417,1.20274,1.16163,1.70528,0.89684,0.657448,1.15581,0.842517,0.903323,0.739321,0.954354,0.916054,1.30312,0.749356,1.04975
"14,635",14634500,1.68442,0.796718,1.10111,1.28809,0.850363,1.10497,1.02818,1.20633,1.16346,1.72458,0.905413,0.664778,1.15969,0.852129,0.906196,0.746493,0.948397,0.923833,1.31772,0.745099,1.05589845
"14,753",14752500,1.68877,0.80795,1.09603,1.30511,0.852449,1.11942,1.02882,1.20692,1.16519,1.74351,0.916219,0.666273,1.16779,0.858115,0.905252,0.748046,0.948611,0.927829,1.33431,0.740383,1.06134985
"14,871",14870500,1.69066,0.817648,1.09211,1.31999,0.857565,1.13025,1.02312,1.21502,1.17528,1.76138,0.929669,0.669287,1.16882,0.859658,0.913078,0.749075,0.949668,0.933145,1.35485,0.73359,1.06719315
"14,989",14988500,1.6922,0.826047,1.08894,1.32804,0.857894,1.14206,1.01586,1.2239,1.18638,1.77803,0.941442,0.675181,1.16688,0.85661,0.917903,0.747073,0.951329,0.937636,1.36975,0.727108,1.07151315
"15,107",15106600,1.69212,0.838141,1.08375,1.33749,0.858341,1.15632,1.01614,1.23353,1.18998,1.79065,0.958724,0.687543,1.16448,0.857118,0.917045,0.749303,0.963408,0.943062,1.38759,0.721045,1.077289
"15,225",15224600,1.69163,0.850095,1.0828,1.34457,0.860921,1.16818,1.01396,1.24666,1.19386,1.80183,0.977099,0.70574,1.15858,0.856954,0.916577,0.751641,0.968942,0.946846,1.4035,0.722675,1.083153
"15,343",15342600,1.69555,0.864356,1.07894,1.35247,0.856714,1.18353,1.01175,1.26306,1.19328,1.80863,0.995843,0.719041,1.15455,0.856276,0.920852,0.756321,0.974792,0.953263,1.41598,0.731487,1.08933425
"15,461",15460600,1.70053,0.87476,1.07965,1.3547,0.856239,1.20248,1.00949,1.27944,1.1872,1.81295,1.0153,0.73184,1.15011,0.861546,0.921021,0.760224,0.978986,0.960314,1.42526,0.741696,1.0951868
"15,579",15578600,1.70642,0.886498,1.08429,1.36005,0.855435,1.22119,1.00769,1.2967,1.1845,1.81875,1.03808,0.748666,1.15183,0.866588,0.921503,0.766571,0.981904,0.967837,1.43012,0.752306,1.1023464
"15,697",15696700,1.7151,0.903844,1.08671,1.36545,0.855311,1.23193,1.0037,1.31234,1.18532,1.81923,1.06482,0.767128,1.1538,0.863919,0.922655,0.775535,0.983825,0.965156,1.43534,0.766858,1.10889855
"15,815",15814700,1.71877,0.913835,1.09092,1.37005,0.860884,1.24004,1.00085,1.32587,1.1863,1.81651,1.08791,0.787028,1.15767,0.860434,0.920159,0.784499,0.989636,0.961993,1.43633,0.786916,1.1148302
"15,933",15932700,1.72378,0.926257,1.09184,1.37089,0.864107,1.25025,0.997719,1.33676,1.18899,1.81301,1.11342,0.804352,1.15678,0.858607,0.915337,0.792416,0.994894,0.954597,1.44181,0.80177,1.1198793
"16,051",16050700,1.73149,0.942438,1.10204,1.37234,0.87581,1.25933,0.998278,1.34573,1.19344,1.81156,1.13922,0.823655,1.16169,0.855833,0.919778,0.804132,0.996362,0.948495,1.44445,0.817913,1.1271992
"16,169",16168700,1.74355,0.961209,1.10771,1.36876,0.887026,1.26876,0.996963,1.35398,1.19579,1.81007,1.16497,0.842927,1.16585,0.848847,0.922481,0.814002,0.999951,0.94534,1.44988,0.830448,1.1339257
"16,287",16286800,1.75045,0.984368,1.11408,1.36338,0.902438,1.28274,1.0004,1.36384,1.19522,1.80416,1.18853,0.8612,1.1662,0.840227,0.920889,0.822817,1.0018,0.943335,1.45945,0.83957,1.1402547
"16,405",16404800,1.75785,1.00078,1.12157,1.35715,0.910877,1.29794,1.00377,1.37269,1.19374,1.79733,1.21348,0.879866,1.16851,0.835277,0.919155,0.832261,0.997188,0.944918,1.46501,0.842277,1.14558195
"16,523",16522800,1.75979,1.02274,1.12565,1.34773,0.907944,1.31385,1.00491,1.3777,1.19912,1.78934,1.23923,0.897701,1.17045,0.828687,0.91574,0.842579,0.992894,0.944708,1.47046,0.833536,1.14923795
"16,641",16640800,1.7697,1.04477,1.13024,1.33985,0.904875,1.32633,1.00992,1.38744,1.20432,1.77698,1.26019,0.916765,1.17205,0.822647,0.918148,0.856213,0.992909,0.948334,1.47464,0.836202,1.15462615
"16,759",16758800,1.77631,1.07406,1.13417,1.33326,0.907919,1.33421,1.01037,1.40057,1.20834,1.76679,1.281,0.93554,1.17517,0.81345,0.920654,0.865515,0.992361,0.949205,1.47785,0.837475,1.15971095
"16,877",16876900,1.77922,1.10462,1.13653,1.32642,0.916971,1.34417,1.01273,1.41173,1.21433,1.75703,1.30687,0.950939,1.17618,0.801159,0.924959,0.876834,0.990405,0.948332,1.47921,0.838801,1.164872
"16,995",16994900,1.77885,1.1364,1.13567,1.3212,0.921952,1.34838,1.02237,1.42157,1.21874,1.74464,1.3274,0.974903,1.17696,0.793204,0.937067,0.887386,0.991999,0.940153,1.48109,0.845224,1.1702579
"17,113",17112900,1.77921,1.16518,1.13296,1.31404,0.93105,1.35787,1.03359,1.42941,1.22223,1.73397,1.3509,0.995856,1.1748,0.778767,0.946471,0.892188,0.992642,0.934211,1.48195,0.848723,1.1748009
"17,231",17230900,1.77629,1.1963,1.13623,1.30072,0.940181,1.3643,1.03628,1.43705,1.22569,1.72615,1.37153,1.01729,1.17436,0.763279,0.95442,0.89823,0.989786,0.924266,1.48119,0.852844,1.1783193
"17,349",17348900,1.77448,1.22574,1.1361,1.2914,0.94706,1.37138,1.03908,1.44402,1.23551,1.71623,1.39601,1.04063,1.1765,0.755602,0.961361,0.903566,0.983642,0.920389,1.47937,0.854167,1.18261185
"17,467",17467000,1.77055,1.25638,1.13825,1.28388,0.95453,1.38454,1.03887,1.44237,1.24836,1.7013,1.41258,1.0658,1.17295,0.756527,0.965946,0.904209,0.974755,0.920249,1.47982,0.854597,1.18632315
"17,585",17585000,1.76659,1.27969,1.13164,1.281,0.956982,1.4007,1.04118,1.44084,1.25463,1.69005,1.43564,1.08911,1.17232,0.754984,0.970492,0.912784,0.968505,0.923494,1.48401,0.855011,1.1904826
"17,703",17703000,1.76316,1.30763,1.12727,1.27233,0.960523,1.41144,1.04188,1.43795,1.26024,1.6732,1.45168,1.11751,1.16722,0.755642,0.965892,0.917254,0.9627,0.924735,1.49345,0.854817,1.19332615
"17,821",17821000,1.75237,1.33249,1.12058,1.26097,0.955962,1.43251,1.03355,1.43411,1.26676,1.6588,1.46536,1.14339,1.1617,0.755322,0.959868,0.923283,0.946355,0.924702,1.5046,0.862417,1.19475495
"17,939",17939000,1.74063,1.35017,1.11682,1.24628,0.951275,1.43983,1.01355,1.42861,1.27153,1.65074,1.4791,1.17052,1.15801,0.757758,0.968929,0.925208,0.938154,0.921989,1.5166,0.884002,1.19648525
"18,057",18057100,1.72777,1.36967,1.11702,1.22753,0.936182,1.45292,0.995859,1.4188,1.2739,1.65222,1.48682,1.19517,1.14898,0.766227,0.973009,0.921499,0.918532,0.921575,1.52802,0.900756,1.19662295
"18,175",18175100,1.71111,1.38201,1.1138,1.21389,0.920288,1.47022,0.970603,1.4119,1.2792,1.65442,1.4934,1.22409,1.14609,0.78236,0.978576,0.921043,0.905074,0.923238,1.54622,0.916558,1.1982045
"18,293",18293100,1.69793,1.38748,1.11142,1.19377,0.902887,1.48963,0.946133,1.40563,1.29135,1.66263,1.49343,1.25571,1.13851,0.790704,0.982707,0.913596,0.88937,0.925969,1.55391,0.92209,1.1977428
"18,411",18411100,1.68629,1.39488,1.10469,1.17804,0.891991,1.50651,0.91556,1.39516,1.31521,1.67577,1.50672,1.28375,1.13583,0.796833,0.987708,0.904161,0.862999,0.926575,1.55588,0.9339,1.19792285
"18,529",18529100,1.67079,1.4013,1.10254,1.1636,0.89258,1.53144,0.881127,1.39214,1.34152,1.68662,1.51576,1.31373,1.13718,0.805001,0.99154,0.895663,0.824653,0.923567,1.55329,0.947674,1.19858575
"18,647",18647200,1.65141,1.4022,1.09633,1.1513,0.892703,1.55523,0.847691,1.40076,1.36362,1.69421,1.52267,1.34352,1.13913,0.821555,0.99021,0.891553,0.783179,0.922749,1.54501,0.953329,1.19841795
"18,765",18765200,1.63178,1.39666,1.08194,1.13892,0.898575,1.58407,0.826482,1.40179,1.38888,1.69104,1.5411,1.36477,1.13531,0.831069,0.984716,0.885091,0.754765,0.923313,1.54215,0.970084,1.19862525
"18,883",18883200,1.61687,1.39746,1.07647,1.13548,0.920234,1.62464,0.805344,1.40167,1.40021,1.69264,1.54981,1.38576,1.15079,0.840547,0.994828,0.879113,0.725498,0.923121,1.53989,0.975141,1.2017758
"19,001",19001200,1.60541,1.39062,1.06588,1.14275,0.934828,1.66679,0.782674,1.39772,1.42118,1.67781,1.5541,1.4175,1.16809,0.850117,1.00755,0.863732,0.687444,0.929052,1.53255,0.98084,1.20383185
"19,119",19119200,1.59903,1.38856,1.05488,1.14447,0.95686,1.71973,0.765366,1.40195,1.43361,1.66771,1.56035,1.44733,1.18229,0.862223,1.02385,0.849894,0.669874,0.942249,1.53938,0.985146,1.2097376
"19,237",19237300,1.59945,1.38749,1.03738,1.15199,0.989627,1.76838,0.76206,1.41274,1.45544,1.64728,1.55833,1.49054,1.18952,0.878517,1.03128,0.839742,0.649868,0.956368,1.55769,0.997299,1.21804955
"19,355",19355300,1.60719,1.38442,1.01676,1.15139,1.02289,1.80423,0.765873,1.42384,1.47475,1.64478,1.56034,1.52222,1.19935,0.897301,1.03544,0.837891,0.633359,0.984874,1.58154,1.01351,1.2280974
"19,473",19473300,1.61131,1.38005,0.999791,1.16787,1.04372,1.84182,0.749562,1.42572,1.49773,1.65771,1.55606,1.545,1.20575,0.932246,1.04808,0.844906,0.617383,0.999938,1.60132,1.02566,1.2375813
"19,591",19591300,1.62279,1.38062,0.976744,1.18194,1.055,1.87831,0.73694,1.4229,1.52325,1.67114,1.55012,1.56954,1.21144,0.954768,1.08238,0.844281,0.602798,1.03392,1.61485,1.03533,1.24745305
"19,709",19709300,1.63285,1.38675,0.947269,1.19866,1.06917,1.90871,0.717554,1.42495,1.55608,1.6791,1.55137,1.59216,1.22018,0.993019,1.11785,0.838784,0.604751,1.06186,1.63824,1.03911,1.25892085
"19,827",19827400,1.6341,1.40398,0.931951,1.22418,1.10337,1.93552,0.717031,1.41767,1.58318,1.6918,1.5616,1.62898,1.2297,1.03145,1.14,0.830211,0.60469,1.09041,1.66165,1.05298,1.27372265
"19,945",19945400,1.63434,1.42003,0.913319,1.24901,1.13888,1.97663,0.710951,1.41551,1.61003,1.70809,1.56071,1.65456,1.24053,1.06682,1.17006,0.811653,0.615566,1.11498,1.67239,1.06798,1.28760195
"20,063",20063400,1.6369,1.43579,0.892401,1.27771,1.17941,2.00926,0.705762,1.41045,1.6368,1.72734,1.56054,1.66363,1.26142,1.09764,1.20215,0.788764,0.615609,1.13693,1.68886,1.08576,1.3006563
"20,181",20181400,1.63582,1.44495,0.864898,1.29037,1.21607,2.0449,0.681057,1.39902,1.66148,1.75453,1.5406,1.67382,1.29085,1.11833,1.24517,0.786911,0.629841,1.15829,1.70783,1.10108,1.31229085
"20,299",20299400,1.63255,1.44865,0.84953,1.29855,1.25212,2.10512,0.675622,1.38649,1.68547,1.78208,1.53975,1.66525,1.32512,1.12736,1.26385,0.785657,0.637446,1.15952,1.72642,1.12803,1.32372925
"20,418",20417500,1.65141,1.4335,0.852054,1.31294,1.28716,2.14543,0.702744,1.37,1.70883,1.81258,1.53656,1.65038,1.36142,1.1252,1.27873,0.789857,0.656545,1.16632,1.73975,1.14388,1.3362645
"20,536",20535500,1.66089,1.40428,0.837476,1.31379,1.32513,2.1803,0.696188,1.3803,1.73142,1.84966,1.54636,1.65841,1.39272,1.11963,1.31083,0.788295,0.674168,1.18618,1.74134,1.16206,1.34797135
"20,654",20653500,1.65877,1.36817,0.821043,1.31347,1.36588,2.21232,0.696469,1.39382,1.74642,1.88335,1.55798,1.65063,1.41759,1.1127,1.31665,0.778537,0.684435,1.20384,1.75419,1.18182,1.3559042
"20,772",20771500,1.6588,1.33409,0.825037,1.3182,1.40049,2.2405,0.710502,1.40003,1.76305,1.90513,1.55873,1.63458,1.42966,1.11246,1.3211,0.775217,0.718741,1.20509,1.75281,1.19678,1.36304985
"20,890",20889500,1.63823,1.28181,0.775971,1.31948,1.44881,2.25123,0.726524,1.41608,1.75134,1.91841,1.57071,1.63288,1.46052,1.10565,1.31394,0.732324,0.742961,1.21747,1.76277,1.22784,1.3647475
"21,008",21007600,1.64643,1.21356,0.770723,1.35724,1.48934,2.25534,0.77584,1.45385,1.76197,1.9508,1.57058,1.62521,1.484,1.10289,1.28295,0.715279,0.749605,1.20995,1.76407,1.26278,1.37212035
"21,126",21125600,1.64222,1.15105,0.752181,1.37787,1.54921,2.25753,0.867153,1.47776,1.76854,1.96417,1.56111,1.58116,1.50321,1.14125,1.27583,0.716182,0.767539,1.23819,1.78209,1.36361,1.38689275
"21,244",21243600,1.61228,1.15123,0.834079,1.44762,1.62135,2.2502,0.937661,1.49434,1.69046,1.9861,1.59568,1.56365,1.56303,1.18379,1.29985,0.745067,0.787855,1.24198,1.78165,1.46045,1.4124161
"21,362",21361600,1.57488,1.18908,0.932492,1.50015,1.59455,2.1456,0.979038,1.52159,1.70392,1.96615,1.63482,1.53789,1.60364,1.25514,1.31165,0.882209,0.82118,1.28032,1.78806,1.54891,1.43856345
"21,480",21479600,1.53922,1.2567,1.1148,1.55961,1.64279,2.06221,1.10112,1.47445,1.69538,1.93806,1.56696,1.42151,1.75471,1.39171,1.23174,0.992462,0.921154,1.3057,1.77655,1.62923,1.4688033
"21,598",21597600,1.46129,1.46084,1.34457,1.58536,1.64199,1.65793,1.32656,1.28432,1.55615,1.72516,1.47148,1.01838,1.75832,1.54038,1.23415,1.17003,1.41127,1.47111,1.75888,1.75862,1.4818395
