"end to end distance for all 10,000 genome structures"
0.959079
1.66041
1.1237
1.79225
1.7672
2.33056
1.49778
1.87497
1.03085
1.37067
1.59947
1.73667
1.01712
1.68296
1.29059
1.91081
1.33532
1.91665
1.48406
1.68977
1.93886
1.76486
1.66951
2.06007
1.38891
1.92791
1.82802
1.43397
0.674105
1.00512
1.6285
1.60489
2.04578
1.77026
1.93242
1.33181
1.03438
1.65464
1.58767
1.51492
1.25785
1.55952
1.55012
1.96089
1.23225
2.00347
1.90465
1.77704
1.60359
1.86298
1.80935
1.93544
1.43608
1.87878
1.95479
1.58416
1.29522
2.12026
1.76589
1.35242
1.63453
1.81094
1.53741
1.28236
1.8403
1.25655
1.3557
1.39245
0.871048
1.92073
1.31522
1.65046
1.6735
1.30727
1.29439
1.97009
1.42007
1.52819
1.44532
1.87928
1.48717
1.91212
1.21364
1.40335
1.24225
1.12895
1.68625
1.09274
1.53822
1.64385
1.83135
1.48266
1.96888
1.14456
1.56203
1.96825
1.9172
0.786308
1.72097
1.44299
1.61175
2.01454
1.25506
1.62979
1.60685
1.62583
1.08679
1.55885
1.48804
1.54388
1.58499
1.75411
1.60219
1.97019
2.17944
2.10978
1.61275
1.77894
1.80752
1.55216
1.30212
1.66787
1.32342
1.27478
2.0233
2.10189
1.91766
1.66875
1.81157
1.28281
1.30086
1.73382
1.64059
1.67767
1.75392
1.63869
1.56094
1.85257
2.01258
1.22397
1.34518
1.80206
1.48891
1.66104
1.66443
1.94998
1.75272
1.33532
1.52858
1.40327
1.65917
1.43263
1.60902
1.39941
1.3219
1.60725
1.57027
1.48641
1.54643
1.51318
2.04456
1.13336
1.58279
1.53813
1.63967
1.165
1.83863
1.86288
1.82992
1.2051
1.83751
1.2451
1.31804
1.72804
1.83106
1.59329
1.96204
1.98906
1.50108
1.86115
1.44262
1.74694
1.88905
1.63777
1.68471
1.35857
1.63589
1.55808
1.52141
1.61972
1.40076
1.62589
1.73146
1.29667
2.0347
1.78048
1.37497
2.00302
1.41876
1.50109
1.39387
1.80094
1.38605
1.12821
1.5569
1.55211
1.72856
1.55801
1.71975
1.39582
1.93985
1.29099
1.53006
1.4475
1.77707
1.59098
1.82516
1.73939
1.78215
1.71912
1.79589
1.64331
1.48594
1.84342
1.68845
1.58212
1.57718
1.71744
1.74792
1.86522
1.50611
1.60944
1.65853
1.63229
1.37918
1.73654
1.51005
2.202
1.47684
1.8723
1.53978
1.73514
1.51579
1.87927
1.43779
1.22412
1.72077
1.40266
2.19486
1.65327
1.42131
1.42014
1.77492
1.53896
0.88547
1.41806
1.28318
1.28986
1.77796
2.091
1.30679
1.15491
1.58893
1.98094
1.65634
1.39346
1.79123
1.63281
0.848107
1.29401
2.09491
1.81111
2.07673
1.26783
1.67329
1.59145
1.34923
1.76585
1.57861
1.35032
1.69015
1.63954
1.33171
1.83352
1.70205
1.55575
1.2176
1.35413
1.55552
1.84878
1.8999
2.01319
1.56819
1.21235
1.91273
1.45093
1.64238
1.71899
1.20438
1.65498
1.59651
1.29229
1.9541
1.80687
1.64563
1.48731
1.84918
1.93039
1.24476
1.51623
1.45471
2.02701
1.43395
1.75957
1.44159
1.87588
1.46125
0.996454
1.41859
1.48581
1.4902
1.50294
1.8446
0.861362
1.26502
1.80535
1.89364
1.48831
1.86902
1.69287
1.46449
1.55072
1.65284
1.54026
2.00914
1.17671
1.78652
1.6563
1.59924
2.04859
1.78174
1.54134
1.59312
1.7958
1.33789
1.85111
1.79787
1.8903
1.87278
1.13816
1.91202
1.1741
1.59577
1.71262
1.70369
1.74911
2.02113
1.59697
1.1436
1.68452
2.11384
1.70892
1.66515
1.84668
1.84266
1.71168
0.880565
0.897803
2.00451
1.72067
1.83186
1.04552
1.94441
1.22142
1.86693
1.24292
1.39602
1.49979
1.70375
1.86625
1.95606
1.85902
1.23946
2.02483
0.740609
1.756
1.47267
1.40065
1.47626
1.71714
1.72377
1.73684
1.40309
1.90857
1.978
1.43819
1.69405
1.69273
1.47917
1.50571
1.50469
1.91376
1.45839
1.73086
1.99132
1.46351
1.41618
1.64423
2.00187
1.96012
1.32764
1.72135
1.71033
1.07211
1.72827
1.54451
1.5686
1.46917
1.48909
2.16571
1.34632
1.27708
1.86273
1.80133
1.79047
2.01011
1.61096
1.47809
1.82301
1.68905
1.9059
1.54951
1.72744
1.52562
1.87114
1.19487
1.2858
1.77562
1.86366
1.78323
1.66612
1.5235
1.17467
1.62332
1.42918
1.85044
1.92797
1.62111
1.54252
1.84632
1.62621
1.90394
1.35035
1.14274
1.45915
1.24992
1.12644
1.71871
1.36634
1.28608
1.79804
1.97507
1.73476
1.58691
1.51296
1.52498
1.58309
1.84105
1.59664
1.78307
1.68532
1.42778
1.34751
1.42805
1.34009
1.53953
1.7658
1.70366
1.70798
1.91699
1.4812
1.6186
1.51453
1.77718
1.6889
1.42098
1.85852
1.61649
1.61592
1.41826
1.26045
1.63515
1.07035
1.52334
1.32463
1.46922
1.90577
1.67147
1.41948
1.54472
1.47517
1.32671
1.44673
1.66749
1.77894
1.55892
1.43723
1.74933
1.11273
1.9457
1.35545
1.39081
1.44944
1.90233
1.19868
1.75268
1.59959
1.1528
1.38598
1.48464
1.71742
1.75656
1.8124
0.921037
1.77877
1.48738
1.50801
1.75521
1.87239
1.38939
2.0367
1.61073
1.52412
1.45248
1.74977
1.62224
1.3867
1.43518
1.75991
1.9933
1.02827
1.37303
1.78307
1.26254
1.75027
1.86838
1.68117
1.50666
1.86628
1.35597
1.94057
1.46328
1.94112
1.23884
1.63512
1.46733
1.51152
1.77077
1.46964
1.79536
1.87687
1.7274
1.73185
1.72321
1.14842
1.39736
1.15655
1.67365
1.57806
1.08422
1.71303
1.66759
1.70942
1.78023
1.60218
1.12837
1.682
1.53195
1.33211
1.57731
1.55277
1.81509
1.83592
1.37766
2.0138
2.02169
1.87226
1.71194
1.8078
1.26368
1.95668
1.86378
1.8601
1.38459
1.85114
1.44527
1.70472
1.85099
1.52407
1.44072
1.48805
1.51103
1.83525
1.3257
1.69774
0.847115
1.55248
1.61316
1.58423
1.12349
1.72744
1.69288
1.61647
1.68447
1.85012
1.43442
1.90489
1.93116
1.97761
1.71854
1.73285
1.81046
1.70258
1.37309
1.21591
1.91625
1.70355
1.92017
1.47482
1.55256
1.68003
1.56161
1.74901
1.74797
1.92595
1.59227
1.84143
1.84882
1.59566
1.75599
1.75845
1.86009
1.41665
1.82146
1.39436
1.86901
2.03239
1.64203
1.93258
1.92178
1.67145
1.03045
1.47594
1.52763
2.06676
1.92717
1.65922
1.56252
1.6102
1.35042
1.39307
1.72927
1.62257
1.21081
1.45866
1.4367
2.07402
1.50402
2.11657
1.372
1.41654
1.62596
1.34682
1.58368
1.52922
1.59113
1.76659
1.92599
1.58643
1.49013
1.97743
1.38926
2.10697
1.2124
1.90042
1.29686
1.68099
1.8757
1.34403
1.48313
1.59351
1.33054
1.6883
1.2488
1.49122
1.25072
1.70002
1.28168
1.40664
1.56779
1.64699
1.98803
1.42073
1.89193
1.1566
1.5624
1.79366
1.83556
1.54229
1.48667
1.39922
1.58089
1.71443
1.68259
1.73308
1.8167
1.48013
1.85337
1.54726
1.60026
1.53148
1.73536
1.56775
1.36748
1.82208
1.92129
1.91808
1.84304
1.59631
1.92805
1.86468
1.51735
1.65314
1.6272
1.8041
1.39112
2.05273
2.23525
1.65127
1.73924
1.83111
1.47412
1.93411
1.69538
1.71734
1.38963
1.8597
1.67587
1.44613
1.42491
1.57331
1.86784
1.32993
1.42628
1.91413
1.68435
1.01489
1.46473
1.0178
1.82295
1.84638
1.43844
1.42713
1.42414
1.64656
1.60033
1.76059
1.97458
1.46543
1.80734
1.83087
1.9001
1.434
1.81525
1.90237
1.80739
1.38424
1.55672
1.35072
1.82655
1.50215
1.24595
1.82012
1.78926
1.68779
1.68716
0.67189
1.72887
1.36797
1.76111
1.55681
1.44474
1.68209
1.41319
1.6955
0.963171
0.916287
1.57116
1.52308
1.88978
1.57517
1.45135
1.55374
1.60197
1.68667
1.19788
1.93429
1.58193
1.53513
2.0227
1.69709
1.60551
1.64949
1.34787
1.86162
1.3466
1.05792
1.54908
1.2081
1.44048
1.64661
1.56226
1.95134
1.48344
1.65708
1.36958
2.17888
1.37455
1.5735
1.82962
1.33027
1.52085
1.47847
1.32276
1.53694
1.67412
1.60889
1.71329
1.52726
1.55027
1.81888
1.5816
1.59762
1.67332
1.28098
1.55605
1.47874
1.62254
1.76307
1.90818
1.88028
1.65601
1.72925
1.38557
1.70245
1.59637
1.98886
1.38935
1.42077
1.78855
1.51697
1.46343
1.34418
1.95667
1.62112
1.65377
1.93726
1.87689
1.2592
1.38704
1.42211
1.34357
1.91331
1.80365
1.33771
1.60488
1.41628
1.30112
1.52269
1.55235
1.82841
1.81038
1.25137
1.79034
1.34269
1.76751
1.7349
1.74961
1.86911
1.42304
1.33589
1.81707
1.78911
1.43701
1.59561
1.81457
1.59443
1.30824
1.75311
1.28915
1.28725
1.59025
1.45433
1.61826
1.69198
1.27777
1.98678
1.77903
1.44671
1.69048
1.27349
1.70481
1.76898
1.7286
1.63867
1.04901
1.85012
1.73132
1.9385
1.81432
1.3825
1.80017
1.69978
1.65692
1.03307
1.0953
0.8919
1.56671
1.66422
1.88214
1.40469
1.3609
1.70478
1.79893
1.55402
1.60425
1.68854
1.76198
1.38056
1.29948
1.92284
1.78167
1.52945
1.73338
1.70604
1.33168
1.79696
1.30135
1.53378
1.63484
1.38658
1.48544
1.66224
1.81191
1.44975
2.0242
1.51544
1.94959
1.26778
1.94473
1.46846
1.34161
1.73786
2.08291
1.74
1.54633
1.09496
1.79827
1.4747
1.56022
1.91403
1.57012
1.66914
1.44429
1.59597
1.21548
1.37614
1.86213
1.84615
1.58147
1.11186
1.60581
1.74127
1.73733
1.41775
1.79819
1.75543
2.11881
1.88393
1.83923
1.73453
1.68111
1.21237
1.47461
1.95621
2.01793
1.26277
1.61545
1.73362
1.29347
1.80703
1.54953
1.10418
1.75499
1.7229
1.59041
1.88097
1.8635
1.59824
1.76644
1.48082
1.53629
1.43091
1.80538
1.65668
1.51619
1.11229
1.31177
1.54463
1.57338
0.886619
1.32703
1.77207
2.02068
1.99102
1.81029
1.10759
1.89492
1.88962
1.0139
0.65742
1.45393
1.71942
2.0852
1.09075
0.795679
1.40504
1.13704
1.34434
1.49391
1.6605
1.72801
1.78678
1.93923
1.85602
1.58537
1.71054
1.79681
1.55308
1.57573
1.57931
1.49245
1.7375
1.55837
1.47595
1.50828
1.59132
1.91314
1.50549
1.65817
1.47383
1.04995
1.71827
1.60822
1.95272
1.48888
1.83346
1.36622
1.79149
1.66342
1.67609
1.6739
1.64942
1.97755
1.38993
1.63339
1.57702
2.01808
1.26945
1.36052
1.9717
1.44064
1.72021
1.42259
1.99392
1.77335
1.19722
1.87711
1.51714
1.01312
1.25503
1.70884
1.62721
1.76924
1.42346
1.43956
1.67216
1.53137
1.76038
1.63812
0.78848
1.76304
1.34486
1.58251
1.75897
1.71873
1.48728
1.86734
1.73338
0.973481
1.5868
1.59979
1.85802
1.47004
1.61077
1.58695
1.70215
1.96118
1.32795
1.68535
1.68769
1.28516
1.49821
1.7172
1.69154
1.35047
0.753703
1.6136
1.43017
1.59406
1.69069
1.75604
1.51726
1.58705
1.76057
1.86161
1.13466
1.72498
1.48744
1.4631
1.26375
1.96396
1.50027
1.74916
1.5267
1.15354
1.91304
1.32416
1.71377
1.86128
1.49444
1.77561
1.59179
1.76935
1.39507
1.2856
1.53437
1.84844
1.80912
1.76237
1.59406
2.02334
1.98431
1.71977
1.55024
1.84331
1.92167
1.5453
1.8017
1.79124
1.05772
1.63225
1.61145
1.51615
1.70695
1.42987
1.64274
1.36061
2.05035
1.59459
1.47807
1.51312
1.82191
1.76054
1.76011
1.75912
1.51744
1.2611
1.44607
1.50323
1.32502
1.51745
1.57628
1.60608
1.69953
1.82569
2.04243
1.90288
1.64363
1.98011
1.6093
1.87925
1.27328
1.44926
1.56722
1.75898
1.48972
1.78031
1.50918
1.3389
1.8043
1.74026
1.61917
1.14399
2.06916
1.62158
1.74148
1.34131
1.57742
1.4559
1.27512
1.69049
1.60997
2.07089
1.6723
1.89112
1.41989
1.64274
1.23493
1.57831
1.61049
1.78273
1.84553
1.50506
1.47195
1.58346
1.56921
1.13915
1.3474
1.55674
1.77578
1.91635
1.18458
1.36606
1.80512
2.00815
1.38247
1.99113
2.10717
1.42435
1.76913
1.74035
1.78763
1.57289
1.81666
1.49399
1.39222
1.54317
1.26587
1.59468
1.16501
1.48487
1.41798
1.77879
1.72934
1.26962
1.21379
1.66016
1.63096
1.75746
1.59926
0.932844
1.82574
0.855021
0.898806
1.14688
1.5855
1.32647
0.90106
2.05153
1.82453
1.93322
1.99765
1.85529
1.58122
1.99376
1.40156
1.47958
1.67993
1.34126
1.56102
1.25972
1.53238
1.68882
1.30428
1.34762
1.55474
1.48561
1.63743
1.71438
1.73102
1.2721
1.91128
1.8486
1.79022
1.64348
1.47548
1.46255
1.41676
1.42857
1.89105
1.3999
1.5295
2.07656
1.6078
1.43534
1.65676
1.59914
1.98669
1.28057
1.28432
1.82097
1.63228
1.67245
1.84258
0.891216
1.82835
1.27
1.19531
1.22292
1.72694
2.11397
1.50001
1.22137
1.54686
1.52455
1.69562
1.61056
1.61868
1.5402
1.44753
1.94871
1.42278
1.75983
1.61147
1.35334
0.890158
1.65654
1.4459
2.03908
1.63895
1.73073
1.09804
0.987889
1.59789
1.62873
1.18108
1.8797
0.732697
1.2699
1.80666
1.87717
1.26762
1.72221
1.41849
1.59066
1.37141
1.26735
1.74777
1.83106
1.98576
1.61781
1.50489
1.23364
1.51202
1.33926
1.69657
1.57356
1.67236
1.61199
1.66023
1.54742
1.61135
1.79353
1.22313
1.88318
1.90255
1.78884
1.90591
1.10691
1.86148
1.40354
1.82381
1.71944
1.84167
1.70169
1.82069
1.1038
1.59557
1.59254
1.62691
1.34173
1.67454
1.52954
1.77483
1.24956
1.56109
1.29876
1.62806
1.51431
1.73399
1.76254
1.75844
1.47753
1.51115
2.19238
1.76324
1.73813
1.51761
1.71472
1.68041
1.89218
1.21717
1.65457
1.68904
1.57975
1.34971
1.73119
2.06554
1.16451
1.46458
1.80303
1.60617
1.34839
2.0073
1.91388
1.7586
1.57172
1.61039
1.91798
1.70429
1.82568
1.38276
1.54558
1.66381
1.78289
1.39786
1.8717
1.11122
1.52913
1.68439
1.42197
1.32789
1.92449
1.08033
1.34511
1.65733
1.8779
1.6188
1.56864
1.4069
1.79146
1.4696
1.56037
1.8348
2.02362
1.80425
1.28966
1.66984
1.95731
2.11185
1.59756
1.25137
1.84655
1.20563
1.82091
1.45244
2.01316
1.63201
1.66116
1.8862
2.17568
2.00178
2.00153
1.69832
1.79733
1.84589
1.96077
1.08457
1.5979
1.76815
1.06964
1.13452
1.5748
1.41014
1.12414
1.80969
1.42812
1.62193
1.9294
1.89829
1.80645
1.73874
1.81428
1.86417
1.87132
1.29805
1.44181
1.41981
1.98295
1.27677
1.81276
1.72306
1.72863
0.836853
1.53452
0.47103
1.71626
1.65709
1.75008
1.63914
1.57297
1.53629
1.60147
1.44888
1.45558
1.68177
1.58673
1.5006
1.36378
1.53349
0.917899
1.56932
1.9745
0.558942
1.73587
1.08269
1.69544
1.89279
1.62917
1.59873
1.86336
1.71731
1.34945
1.71447
2.07646
1.80923
1.26182
1.50208
1.69558
1.84174
1.37579
1.51661
1.42488
1.72374
1.42322
1.10816
1.29391
1.55141
1.85045
2.07766
1.55644
1.61898
1.25534
0.992474
1.93332
1.29376
1.47304
1.5319
1.27129
1.55619
1.35982
1.82746
1.37477
2.07985
1.70056
0.978726
1.89036
1.81401
1.53138
1.72631
2.05632
1.82911
1.80931
1.86425
1.16429
2.03269
1.90473
1.83736
1.58063
1.59139
1.76881
1.43899
1.67064
1.76771
1.70386
1.60019
1.70058
1.78758
1.94708
1.46543
1.62204
2.00125
1.92439
1.968
1.88405
1.1521
1.21014
1.70732
1.36494
1.01738
1.5902
1.59603
1.68141
1.29877
1.146
1.73237
0.758331
1.77456
1.67179
2.00868
1.7981
1.64756
1.38412
1.59495
1.4929
1.20649
1.46086
1.81119
1.17072
1.30967
1.11286
1.74009
1.44955
1.65736
1.91316
2.01286
1.59751
0.961436
1.84152
1.79023
1.57953
1.59601
1.7922
1.91545
1.5644
1.44109
1.6767
1.41393
1.56647
1.80917
1.59222
1.42137
2.04475
1.78876
1.33498
1.6461
1.49266
1.81683
1.77946
1.04728
1.57963
2.10125
1.90155
0.82418
2.00976
1.91864
1.67531
1.55437
1.84646
1.78128
1.21243
1.28789
0.859824
1.33553
1.38808
0.798832
1.75493
1.21748
1.7
0.981456
1.666
1.92086
1.18944
1.83881
1.54113
1.61567
1.69562
1.76195
1.53262
1.79841
1.75923
1.80138
1.62397
1.15659
1.49452
1.71692
1.08263
1.28876
1.3961
1.96751
1.62377
1.27377
1.67128
1.32717
1.52244
1.84538
1.86614
2.19104
1.79237
1.69121
1.40625
1.13763
1.80121
1.32055
1.46756
1.72138
1.76376
1.62894
1.60548
1.74005
2.07241
1.65924
1.7107
1.53889
1.60896
1.62498
1.63988
1.11883
1.87218
1.08734
1.60656
1.66961
1.62069
1.81324
1.47622
1.26247
1.64383
1.71965
1.58596
1.88489
1.51659
1.45077
1.63223
1.39491
1.28454
1.53849
2.14711
1.55915
1.15384
1.25831
1.23853
1.43238
1.4575
1.36204
1.74491
1.41264
1.45007
1.58614
1.33014
1.67009
1.6898
1.17842
1.83374
1.349
1.72081
1.77417
1.1074
0.81679
1.16685
1.708
1.48762
0.933199
1.22382
1.72365
1.47665
1.33352
1.57921
1.62104
1.98596
1.76163
2.02859
1.29993
1.75712
1.44399
1.24552
1.58099
1.75487
1.44247
1.8951
1.50526
1.27232
1.77702
1.99406
1.50085
1.73218
1.8066
1.66657
1.34214
1.32576
1.46271
1.86954
1.04673
1.771
1.47331
1.83651
1.65366
1.30696
1.56505
1.25088
1.46774
1.67946
1.29385
1.77914
1.67979
1.03871
1.99049
1.34951
1.87255
1.44103
1.7741
1.94374
1.31711
1.26003
2.12609
1.88153
1.49034
1.52312
1.99834
1.27277
1.56619
1.68157
1.89701
1.81497
1.5888
1.54267
1.94438
1.82747
1.62104
1.27953
0.604514
1.63649
1.25544
1.11833
1.76788
1.67303
1.67856
1.16957
1.69345
1.70222
1.55114
1.55739
1.51649
2.07671
2.01947
1.75025
1.46384
1.64771
1.16116
1.99893
1.52558
1.71034
1.66132
1.69165
1.54305
1.40879
1.71193
1.20302
1.10303
1.61683
1.94819
1.35971
1.46131
1.43812
1.79879
1.61513
1.67848
1.07487
1.47525
1.61408
1.94631
1.33086
0.956868
1.54365
1.30353
1.18724
1.69526
1.59725
1.93679
1.94231
1.73935
1.65275
1.9741
1.69703
1.96421
1.66943
2.20325
1.6066
1.5526
1.81765
1.97705
1.70349
1.69559
0.716344
2.21922
1.74308
1.73558
1.61899
1.44024
1.42933
1.71629
1.78323
1.81638
1.72835
1.6591
1.71272
1.87215
1.74618
1.63904
1.749
1.8619
1.75707
1.71581
1.92486
1.54645
1.79185
1.52969
1.71263
1.74853
1.41881
1.55806
1.64316
1.51736
1.09712
1.91857
1.61072
1.54333
1.41306
1.61085
1.84344
1.8663
1.3675
1.11072
1.72261
1.5034
2.10022
1.74856
1.27298
1.56118
1.59389
1.7228
1.62534
1.62836
1.74748
1.75885
1.84892
1.67088
1.5696
1.43865
1.49399
1.0701
1.5498
1.71864
1.54647
1.58614
1.8548
1.72664
1.61937
1.63858
1.09104
1.09317
1.39791
1.96554
1.29808
1.24837
1.45874
1.62285
1.72202
1.38525
1.61076
1.72983
1.5107
2.01199
1.45209
1.55597
1.79511
1.3023
1.80515
1.78555
1.45132
1.65679
1.80382
1.9807
1.63757
1.804
1.5943
1.41866
1.57097
1.11703
1.70942
1.6046
1.60049
1.39587
1.40471
1.78673
1.4642
1.39431
1.71608
1.26241
1.97796
1.89114
1.95369
1.5159
1.70469
1.51191
1.67925
1.36057
1.17335
1.86822
1.69559
1.70738
2.03729
1.13086
1.52491
1.6629
1.26118
1.90405
2.00284
1.63695
1.51877
2.193
1.49863
1.43159
1.8369
1.33534
1.92155
1.73367
2.00951
1.56891
1.64174
1.87312
1.40372
1.32631
1.6646
1.83259
1.45055
1.78528
1.61512
1.35756
1.91525
1.59612
1.29778
1.7011
1.72623
1.64752
1.61633
1.83884
1.91658
1.40899
2.02247
1.70819
1.86625
1.12307
1.61504
1.74263
1.55677
2.2202
1.80105
1.7121
1.44498
1.74326
1.78255
1.47431
1.23316
1.65183
1.59097
1.77489
1.03468
1.40699
1.83472
1.71269
1.70183
2.15576
1.74012
1.39094
1.67218
1.50174
1.7306
1.37783
1.96734
1.63199
1.50391
0.866957
1.4877
1.62999
1.37281
1.51732
1.66688
1.50739
1.67636
1.64782
1.98844
2.22672
1.89885
1.51683
1.79332
1.3439
1.73073
1.31204
1.28074
1.0885
1.77474
1.45112
1.57604
1.37599
0.997334
1.70521
1.66768
1.28427
1.74635
1.48979
1.97147
1.43678
1.48207
1.41046
1.68206
1.55361
1.514
1.57295
2.21291
1.49235
2.09922
1.89069
1.63673
2.02484
0.977439
2.01455
1.60783
1.52691
1.0504
1.09218
1.77867
1.18128
1.11114
1.70485
1.28669
1.70263
1.67383
1.40089
1.61827
1.96432
1.41468
2.07334
1.53272
1.71544
1.34357
1.79081
1.34064
1.24919
1.62821
1.16424
1.60759
1.81763
1.75866
1.96077
1.23813
1.96568
1.52536
2.14771
1.36367
1.54861
1.42385
1.89287
1.98423
1.40988
1.69159
1.39672
0.67254
1.59628
1.25855
1.29369
1.41517
1.94564
1.39318
1.6895
1.77342
1.70479
1.3922
1.45837
1.97369
1.77357
1.69244
1.43175
1.46149
1.88119
1.5322
1.40211
1.63073
1.38426
1.42695
1.88032
1.49313
1.86142
1.73598
1.78609
1.4569
1.60112
1.54932
1.56184
1.73453
1.18165
2.01953
1.67485
1.65864
1.24521
2.07048
1.0929
1.47704
1.63051
1.84837
1.61925
1.58718
1.06351
1.6523
1.59582
1.73698
1.32205
1.40663
1.48713
1.67112
1.4197
1.66305
1.87061
2.05629
1.78305
1.89147
1.51652
2.02993
1.54311
2.08707
1.7686
1.31408
1.4013
1.22596
1.73941
1.55427
1.96021
1.83198
1.12837
1.80511
1.78701
1.45829
1.56092
1.90885
1.63084
1.19424
1.7539
1.58635
1.33262
2.23335
1.53625
1.40775
1.32039
1.64023
1.7648
1.19452
1.67754
2.02336
1.50909
1.54592
1.5417
2.11314
1.53202
1.13721
1.37054
1.74277
1.54649
1.71066
1.73934
1.81344
1.34733
1.63723
1.51251
1.86347
1.46712
1.55861
1.79768
1.36145
0.948883
1.24171
1.74634
1.65015
1.89767
1.45859
1.6707
1.62862
1.59071
1.60581
1.34889
1.84803
1.58975
1.80478
1.54183
1.72139
1.48877
1.84731
1.17569
1.58305
1.5267
1.31089
1.8404
1.13493
1.72741
1.89542
1.24301
1.65541
1.50676
1.46378
1.33424
1.6558
2.0208
1.56829
2.05478
1.45058
2.19052
1.67672
1.65671
1.68439
1.65877
1.52657
1.35779
1.74923
1.64751
1.13405
1.79876
1.33969
1.82562
1.77793
1.49994
1.73276
1.56274
1.4955
1.4074
1.69389
1.32006
1.23592
1.57366
1.68812
1.7461
1.78507
1.5468
1.11312
1.58329
2.02024
1.09781
1.42281
2.02735
1.72764
1.73781
1.57663
1.38511
1.69803
1.16966
1.69247
1.24314
1.8305
0.895603
1.96466
1.81108
1.70254
1.39857
1.12475
1.35554
1.65573
1.72114
1.67686
1.62588
1.28341
1.36112
1.8727
1.06679
1.69952
1.46679
1.8111
1.17651
1.15092
1.52392
1.7266
1.69306
1.29634
1.40957
1.99832
2.23439
1.62333
1.37735
1.41931
1.3567
1.57553
1.25436
1.86905
1.61471
1.27127
1.59642
1.62946
1.51205
1.78161
1.65466
1.95677
1.5352
1.83489
1.00359
1.29209
0.897687
1.66702
1.65458
1.80932
1.99343
1.29466
1.45042
1.21183
1.70027
1.62947
1.52525
1.08917
1.87585
1.74114
1.93129
1.9363
1.42903
1.61644
1.47517
1.46538
1.99164
1.89222
0.996714
1.55783
1.70485
1.88727
1.65365
1.76676
1.49518
1.68335
1.34824
1.9728
1.36604
1.7715
1.79648
1.98446
1.43533
1.80661
1.84495
1.29771
1.85761
1.55666
1.8722
2.04017
1.51222
1.34092
0.837556
1.69591
1.56042
1.85087
1.59013
1.52478
1.56379
1.88603
1.82192
1.38994
1.98715
1.39919
1.47988
1.66904
1.57743
1.42935
1.6082
1.64866
1.44568
1.90914
1.53245
1.22771
1.87296
1.19957
1.29715
1.54886
1.70845
1.74791
1.6916
1.27659
1.37187
1.47138
1.62032
1.38309
1.46411
1.7839
1.7768
1.22795
1.6931
1.48696
1.96167
1.91638
1.97793
1.88184
1.70691
1.95611
1.45497
1.29287
1.35033
1.92572
1.54642
1.75059
1.79361
1.67495
1.64066
1.51758
1.78298
1.70526
1.73624
1.49069
1.73866
1.55253
1.61465
1.24985
1.31091
2.09737
2.03875
1.84847
2.00851
1.59961
1.06525
1.53513
1.85896
1.795
1.80618
1.71903
1.5558
1.32355
1.75953
1.53133
1.43281
1.6551
1.57407
1.39675
1.74886
1.56995
1.78364
1.55936
1.31674
0.994623
1.63562
1.87901
1.42173
1.81895
1.67069
1.75678
1.57658
1.58803
1.28621
2.0535
1.69572
1.67811
1.38596
1.23015
1.39672
1.94148
1.59494
1.11119
1.72438
1.30366
1.62785
1.53295
1.79535
1.73483
1.61881
1.34533
1.78924
1.47174
1.5631
2.24856
1.60268
1.67051
1.84299
1.69555
1.13845
1.28332
1.94741
1.76915
1.67468
1.42772
1.26136
1.50696
1.66451
1.92653
1.75872
1.2433
1.70589
1.83979
2.06399
1.73748
1.67427
1.60319
1.44617
2.00035
1.66006
1.25639
1.86388
1.13593
1.66079
1.86098
1.50617
1.79326
1.61379
1.69632
1.8979
1.05822
1.60958
1.95643
1.61565
1.84341
1.881
1.34355
1.07383
1.72982
1.92809
1.58543
2.0802
1.2534
1.46519
1.70939
1.83821
1.70597
1.50136
1.68409
1.67405
1.44618
1.74506
1.29285
1.55666
1.83781
1.42089
1.66633
1.66424
1.57108
0.956004
1.06229
1.6668
1.33791
1.18895
2.27868
1.2916
1.56632
1.52785
1.24929
1.33186
1.7548
1.35656
2.07609
1.24049
1.3833
1.69334
1.49103
1.38019
1.806
1.51911
1.34266
1.61124
1.1667
1.81468
1.28536
1.73164
1.86644
1.63406
1.8852
1.67199
1.57219
1.24815
0.997867
1.65635
1.55764
1.68541
1.70176
1.47329
2.02028
1.91024
1.56913
1.08958
1.92914
1.2285
1.70658
1.6178
1.19724
1.38259
1.45266
1.71702
2.08062
1.37078
2.27226
1.71107
1.68978
1.39857
1.56108
1.49009
1.3936
1.71796
1.7858
0.7127
1.46759
1.7698
1.73129
1.37864
1.3168
2.00227
1.60308
1.46405
1.51732
1.93044
1.84944
1.9031
1.68607
1.39266
1.60919
1.57254
1.61312
1.86363
1.62051
1.39055
1.49022
1.8584
1.36328
2.13336
0.833288
1.88339
1.27257
1.37468
1.65625
1.80952
1.6508
1.829
1.54105
1.64232
1.33148
1.77021
1.77108
1.6193
1.44056
1.8716
1.75124
1.49087
1.02818
2.10437
1.30206
1.66777
1.88471
1.09744
1.74392
1.57492
1.95089
1.60414
1.89168
1.35611
1.55335
1.79281
1.97867
1.44052
1.67201
1.3099
1.0836
1.36193
1.41153
1.77257
1.56342
1.8894
1.1933
2.00169
1.55613
1.4445
1.77862
1.44284
1.28657
1.42944
1.98017
1.92313
1.59377
1.81337
1.68755
1.41309
1.41446
1.5573
1.54287
1.35549
1.60616
1.82047
1.75743
1.9696
1.67112
1.86339
1.29475
1.63498
1.67991
0.653804
1.44599
1.5087
1.449
1.83743
1.43734
1.7004
1.44892
1.46644
1.67184
1.86682
1.67616
0.715742
1.84205
1.47533
1.3412
0.973157
1.29632
1.70035
1.72085
1.19155
1.57401
1.65705
1.87575
1.79745
1.44815
2.18728
1.42405
1.22798
1.21619
1.58757
1.49576
1.96493
1.37606
1.60731
1.28355
1.83958
1.05552
1.84659
1.60405
1.33025
1.56087
1.48737
1.79637
1.7942
1.88645
1.66114
1.52081
1.80702
1.56455
1.81655
1.78499
1.57227
1.67821
1.52806
1.73979
1.41495
1.02441
1.78498
2.18301
1.14912
1.64575
1.77102
1.97362
1.33928
1.68775
1.59443
1.74877
1.62172
1.58612
1.32703
1.67486
1.91299
1.40552
1.75351
1.37144
1.8569
1.39903
1.30774
1.91117
2.03876
1.76304
1.63273
1.7733
1.59407
1.96681
1.67667
0.930728
1.58458
1.55376
1.75434
1.43951
1.59959
1.67221
1.59275
1.40568
1.52065
1.2159
1.40325
2.11866
1.6677
1.51137
1.59468
1.91649
1.76131
1.75466
0.984464
1.58959
1.82433
1.59505
1.41457
1.74681
1.8175
1.76511
2.00044
1.49727
1.62356
1.91146
1.36527
1.60569
1.20627
1.76059
1.21951
1.71169
1.47119
1.74944
1.30666
1.70433
1.75123
1.91552
1.65181
1.48648
1.95688
1.57491
1.49059
1.84105
1.47035
1.74184
1.51102
1.53908
1.4137
1.24071
1.82657
1.75064
1.99761
1.52768
1.75461
1.9256
1.08989
1.20542
1.517
1.59728
1.56164
1.76772
1.75569
1.78629
1.57012
1.73624
1.70451
1.82058
1.71602
1.82722
1.42208
1.27283
1.96795
1.80569
1.63107
1.67697
1.52639
1.32512
1.32141
2.0958
1.70662
1.46727
1.76321
1.63453
1.29508
1.56899
1.3463
1.18968
1.89505
1.92066
1.50354
2.03909
1.49981
1.68879
1.64065
1.32767
1.05083
1.48024
1.73349
1.58001
1.8196
1.81805
1.77012
1.92627
1.66616
1.62836
1.23516
1.84021
1.929
1.57979
1.81605
1.55655
1.81404
2.05831
1.426
1.26796
1.5324
1.42846
1.81479
1.00701
1.78539
1.57715
1.65091
1.45079
1.95331
1.12334
1.5609
1.6816
1.97556
1.47494
1.33785
1.22459
1.35487
1.3956
1.78884
1.85066
2.27215
1.70715
1.70426
1.17814
1.40159
1.80703
1.68127
1.24172
1.73119
1.41755
1.5578
1.41008
1.88769
1.67896
1.44819
1.90345
1.6479
2.08238
1.70846
1.90811
1.8039
1.35673
1.90484
1.72751
1.98848
1.61909
1.48975
1.58513
1.71928
1.62874
1.40859
1.82641
2.02624
1.90529
1.65316
0.778616
1.62573
1.30089
1.20682
1.69769
1.39999
2.02405
1.64285
1.59119
1.43168
1.34585
1.5119
1.73536
1.44399
1.74246
1.97883
1.4481
1.88879
1.54415
1.18336
1.69245
1.34279
1.57251
1.20828
2.01839
1.30019
1.54365
1.31691
1.22857
1.9378
1.69553
1.73286
1.46309
1.94758
1.96803
1.97549
1.56238
1.84505
1.55357
1.38691
1.66493
1.75186
1.76243
1.49016
1.78562
1.43023
1.727
1.15002
1.65886
1.54737
1.32729
1.31596
1.78312
1.96866
1.262
2.28176
1.61
1.85863
2.00923
1.18416
1.58088
1.48367
2.09301
1.38332
1.54994
2.06122
1.57921
1.48078
1.57812
1.50304
1.88984
1.43073
1.8646
1.59313
2.0122
1.51232
2.05437
1.59337
1.80867
1.40621
1.05346
1.51786
1.19146
1.37013
1.32437
1.40732
1.38695
1.36307
1.07268
1.71766
1.42908
1.89159
1.38362
1.86079
1.75433
1.48207
1.613
1.32514
1.17478
1.60924
1.83138
1.65416
1.52564
1.39983
1.38659
1.71328
1.67265
1.43852
1.18138
1.45785
1.64589
1.50716
1.39133
1.42578
2.06504
1.60107
1.62383
1.67651
0.96325
1.60929
1.17974
1.70783
1.20667
1.38342
0.981941
1.96846
2.08085
1.90443
1.51439
1.45421
1.80895
1.1318
0.784521
1.68652
1.25121
1.31925
2.01441
1.81652
1.79582
1.68527
1.82966
2.00459
1.53269
1.18695
1.8488
2.20634
1.51856
1.75817
1.65247
1.46072
1.78582
1.6509
1.83225
1.72434
1.5586
1.26824
1.63839
1.66385
1.46243
1.61954
1.78831
1.51354
1.40715
1.26884
0.610152
1.48989
1.44347
1.75207
1.56867
1.58134
1.71837
1.54865
1.54808
1.61152
1.1724
1.10765
2.10584
1.40348
1.71363
1.55014
1.65098
1.59016
1.45744
1.83648
1.37606
1.75039
1.39367
1.71973
1.79485
1.33474
1.8433
1.67536
1.71981
1.45965
2.03547
1.48364
1.57325
1.34986
1.60263
1.7112
1.5851
1.06642
1.5297
1.93903
1.25063
1.56571
1.24425
1.83717
1.8103
1.79288
1.07523
1.61704
1.92541
1.00428
1.96414
1.21709
1.40333
1.07317
1.52416
1.46127
1.3198
1.95707
1.49673
1.35453
1.513
1.60222
1.758
1.88155
1.55196
1.42497
1.25456
1.34536
1.51964
1.40008
0.947589
1.39227
1.76291
1.49822
1.10302
1.58728
1.87461
1.46158
2.00022
1.53902
1.46629
1.77905
1.65728
1.84213
1.94882
1.25827
0.971963
1.85263
1.09494
1.3284
1.96453
1.38019
1.34165
1.38681
1.10573
1.61702
1.71676
1.88678
1.50472
1.76821
1.52741
1.54096
1.24612
1.59919
1.6213
1.38676
1.1758
1.35505
1.55733
1.96081
1.32973
1.68981
1.29658
1.85844
1.8879
1.47128
1.70379
1.16217
1.3937
1.6077
1.47707
1.43216
1.35115
1.46599
2.09102
1.1227
1.5534
1.14902
1.71547
1.9077
1.74108
1.69035
1.40919
1.77395
2.05163
1.82273
1.7107
1.74998
1.52574
1.71993
1.67761
1.85661
1.3469
1.72947
1.60942
1.17375
1.47631
1.19789
1.73918
1.5483
0.94015
1.87798
1.64776
1.39341
1.31033
1.98301
1.80074
1.97707
1.32018
1.63371
1.90515
2.13873
1.84888
1.71638
1.65499
1.9509
1.54468
1.73834
1.08439
1.17481
1.12953
1.25982
1.63129
1.77967
1.67435
1.40145
1.68309
1.62963
1.57519
1.75779
1.53971
1.4335
1.75324
1.84952
1.51274
1.56945
1.77441
1.71902
1.42669
1.83278
1.15068
1.52772
1.25324
1.53712
1.11954
1.54939
1.75004
1.5669
1.52182
1.74512
1.60766
1.55713
1.66734
1.46377
1.61739
1.90693
1.79461
1.56589
1.9959
1.93396
1.34226
1.85091
1.48275
1.53115
1.69416
1.6694
1.63358
1.54057
1.76447
1.4434
1.62177
1.47249
1.81699
1.62033
1.9485
1.62768
2.02216
1.01595
1.9199
2.13782
1.16449
1.52894
1.19652
0.962655
1.15789
1.63975
1.87992
1.77342
1.71548
1.31022
1.63253
0.925635
1.81013
1.39288
1.73014
1.86452
1.53393
1.84618
1.42604
1.69408
1.40788
1.49135
1.19169
1.54335
1.81797
1.82921
1.63506
1.65752
1.9406
1.78081
1.73992
1.92901
1.75245
1.65759
1.75992
1.56792
1.96031
1.73417
1.5434
1.80898
2.06241
1.59019
1.57321
1.96862
1.29381
1.55275
1.48115
1.78021
1.59055
1.57923
1.65108
1.1831
1.65285
1.1851
1.67094
1.4296
1.08577
1.44112
1.79372
1.7204
1.85174
1.43578
1.87833
1.62856
1.82922
2.09626
1.35351
1.57139
1.63952
1.4268
1.23687
1.76431
1.35595
1.92234
1.3308
1.22938
1.52717
1.5216
1.73092
1.52929
1.19608
1.84334
1.81336
1.46529
1.41151
1.60318
1.4784
1.69085
1.49444
1.18791
1.39367
1.6426
1.16063
1.62234
1.90384
1.45368
2.0179
1.20456
1.41125
1.61703
1.6941
1.99844
1.76106
1.57281
0.697896
1.58202
1.61288
1.80696
1.56088
1.48551
1.56018
1.98922
1.68442
1.22567
1.87391
1.94448
1.42051
1.87735
1.54672
1.95959
1.47775
1.59657
1.31395
1.54672
1.47313
1.46371
1.51233
2.01956
1.17397
1.42348
1.74283
1.86489
1.56194
1.40173
1.7742
1.07634
1.63915
1.62497
1.6886
1.58573
1.6692
1.82645
1.61433
1.18736
1.25297
1.43485
1.32647
1.38809
1.23202
2.18586
1.81987
1.77104
1.85557
1.67287
1.76685
1.18966
1.23733
1.71351
1.30356
2.06927
1.2539
1.57304
1.42215
1.44272
1.9328
1.60698
1.91021
1.66422
1.79265
1.80845
1.53083
1.35285
1.67379
1.62455
1.3668
1.63532
1.36412
1.45255
1.97634
2.07614
1.86431
0.879724
1.64315
1.17949
1.68812
1.4074
2.03042
1.34319
1.89983
2.03272
1.19353
1.93576
1.66102
1.52481
1.68045
1.50428
1.43687
1.89106
1.42197
1.28982
1.29573
1.62627
1.28598
1.33902
1.38605
1.54269
1.22394
1.64557
1.73644
1.31937
1.36974
1.64986
1.48093
1.72383
1.82953
1.63259
1.57317
1.62108
1.68849
1.88845
1.61131
1.15071
1.7763
0.909565
1.30345
1.77805
1.58071
1.43348
1.322
1.4346
1.80397
1.93454
1.73288
0.968763
1.45725
1.29678
1.50037
1.56209
1.57078
1.61383
1.82088
1.59061
1.58794
0.981142
1.8273
1.8275
1.5686
1.28487
1.42297
1.71514
1.75873
1.34232
1.77313
1.96312
1.7461
1.27425
1.53606
1.42031
1.74664
1.74601
1.83627
1.71188
1.6746
1.8205
2.04733
1.23008
1.70414
1.27179
1.42742
1.31505
1.35979
1.16254
1.52515
1.80336
1.92495
1.81304
1.84114
1.54111
1.61217
1.63549
1.19082
1.61977
1.87382
1.79623
1.93777
1.73173
1.46361
1.4143
1.85837
1.35579
1.24819
1.80769
1.66007
1.83024
1.36116
1.70442
1.80728
1.93576
1.32803
1.55192
1.38916
1.86677
1.95178
2.02827
1.52558
1.46169
0.885918
1.46143
1.52705
1.86057
1.38251
1.48337
1.51462
1.46399
1.85973
1.38407
1.35342
1.742
1.73065
1.8674
1.68068
1.63402
1.45283
1.80009
1.44101
1.64136
1.55585
1.6416
1.55344
2.15924
1.30241
1.74863
1.70946
1.42378
1.1706
1.37557
1.57028
1.60356
1.79634
1.46495
1.5133
1.86672
1.98447
1.73495
2.03421
1.07445
1.8923
1.47844
1.75944
2.15483
1.65587
1.41856
1.44029
1.63582
1.02984
1.36103
1.96883
1.26093
1.53694
1.51269
1.59952
1.60457
1.88283
1.7254
1.38059
1.80689
1.96035
1.56038
1.81255
0.93071
1.5285
1.29424
1.41893
1.78758
1.53388
1.37072
1.98989
1.2513
1.41074
1.71202
1.64423
1.65119
1.37204
1.74294
1.40906
1.64031
0.940179
1.76034
1.52653
1.59903
1.40974
1.64506
1.06787
0.999722
1.46475
1.61695
1.56206
1.5576
1.75542
1.32626
1.80921
1.18021
1.5979
1.67095
1.50895
1.56972
2.06927
1.73538
1.2866
1.9008
1.97685
1.88903
1.59331
1.24556
1.67041
0.973934
1.46149
1.95715
1.47145
1.74714
1.48917
1.14814
1.70622
1.31651
2.10369
1.32375
1.7523
1.38338
1.4093
1.45324
1.78739
1.2915
1.54823
1.67147
1.39098
1.60197
1.52187
1.44502
1.52082
1.63772
1.99555
1.78321
1.49082
1.52959
1.12709
1.69553
2.12833
1.52598
1.91966
1.40478
1.4309
1.40723
1.60639
1.46237
1.20865
1.56015
1.73666
2.05009
1.60848
1.65057
1.62909
1.72243
1.11337
1.47993
1.62563
1.3843
1.66629
1.67858
1.87892
1.45101
1.41975
1.58882
1.12966
1.78662
1.78392
1.81873
1.5682
1.5127
1.65334
1.59038
1.3861
1.66021
1.24196
1.81344
2.10928
1.70339
1.79165
1.1986
1.87284
1.62576
1.55636
1.85898
1.25832
1.88212
1.61687
1.35397
1.52326
1.79055
1.81377
1.79082
1.59828
1.72857
1.78705
1.07192
1.74556
1.71204
1.28971
1.37591
1.38735
1.10828
1.90014
1.20556
1.42006
1.65767
1.10881
1.26572
1.77022
1.60751
1.3492
1.47323
1.89583
1.85019
1.72399
1.89447
1.91688
1.37583
1.73737
1.05078
1.31448
1.4857
1.62861
1.24547
1.96464
1.73027
1.70493
1.31478
1.52991
2.0575
1.63534
1.23829
1.24697
1.90269
1.43752
1.33088
1.19802
1.64183
1.76964
1.46199
1.93918
1.38561
1.96202
1.35425
1.63989
1.67663
1.86148
1.76448
1.42555
1.45651
1.85616
1.55349
1.59761
1.71696
1.90453
1.70276
1.06423
1.74834
1.22934
1.44524
1.94032
1.92552
2.10276
1.97339
1.91172
1.48926
1.37301
1.49882
1.86178
1.65815
1.43433
1.79082
1.3538
1.73921
1.55291
1.3962
1.83257
1.71043
1.64793
1.97824
1.80059
1.54965
1.8121
1.93299
1.22707
1.60409
1.75024
1.76036
1.58241
1.89215
1.91632
1.35718
1.66789
1.86018
1.48271
1.50063
1.77942
1.23431
1.55077
1.62909
1.66905
1.26723
1.54821
2.11781
1.69831
1.28291
1.22429
1.62307
1.74226
1.83621
1.94839
1.28108
1.69663
1.16821
1.74384
1.52497
1.53653
1.55795
1.17263
0.924635
1.53598
1.98235
1.21284
1.17093
1.27575
1.3683
1.44484
1.74219
1.84063
1.42584
1.76673
1.52673
1.61273
1.91315
1.63082
2.02115
1.97786
1.64758
1.45903
1.67325
1.43049
0.90798
2.07781
1.65372
1.63175
1.64834
2.07613
1.97537
0.988503
1.5851
1.8465
1.41996
1.68252
1.1126
1.46439
1.61544
1.67234
1.58524
2.20074
1.75143
2.05256
1.4703
1.38871
0.991107
1.98182
1.76656
1.69689
1.79847
1.54015
1.65861
1.90407
1.2457
1.89688
1.66096
1.53241
1.43982
1.33885
0.999261
2.07667
1.62205
1.83776
1.57564
1.04311
1.99435
1.54576
1.72413
1.42389
1.49792
1.73834
1.57238
1.91311
1.92424
2.05038
1.42091
1.44142
1.51562
1.38246
1.52645
0.848097
1.85305
1.76265
1.46196
1.78473
1.9191
1.65599
1.75877
1.27464
1.54264
1.55189
1.78874
2.02862
1.10834
1.42151
1.57091
1.84894
1.71198
1.43063
1.62209
1.27165
1.77336
1.34852
1.10991
1.48881
1.66026
1.34798
1.88362
1.54119
1.24174
1.87756
1.74007
2.13887
1.38876
1.35877
1.53455
1.97595
1.64766
1.61063
1.75585
1.39501
1.8859
1.38461
1.42011
1.8887
1.65101
1.57948
1.84024
1.9198
1.75537
1.2858
1.49049
1.8937
1.54716
1.68796
1.62737
1.84182
1.99434
1.77324
1.91043
1.80616
1.65067
1.35912
1.54182
1.55727
1.64127
1.92454
2.16183
1.62097
1.86071
1.79417
1.22335
2.0648
1.84058
1.52386
1.68202
1.61579
1.42339
1.25381
1.73152
1.78318
2.01281
1.27648
1.76546
2.00207
1.78174
1.52204
1.78176
1.52222
1.87717
1.04417
1.89413
1.87672
1.39077
1.16588
1.85574
1.71624
1.79027
1.68304
1.8083
1.79273
1.84009
1.25421
1.6376
1.90491
1.88848
1.88046
1.80526
1.57941
1.61935
1.59781
1.92895
1.72998
1.85107
1.09698
1.92066
1.74839
1.47818
1.79691
1.52657
1.37632
1.45547
1.6116
1.73044
1.4178
1.87702
1.86117
1.29512
1.36807
1.02736
1.07466
1.30923
1.57552
1.59478
1.57341
1.47704
1.33067
1.36501
1.61109
1.69368
1.49302
1.45602
1.70677
1.8227
1.86149
1.18966
1.50558
1.1151
1.45932
1.94592
1.84288
1.46636
1.47616
1.62656
1.51365
1.46316
1.39212
1.87755
1.72558
1.53842
1.46124
1.51289
2.35508
1.34618
1.27592
1.96048
1.23535
1.25364
1.2449
1.69161
1.72196
1.89759
1.91034
1.3248
1.39078
1.5823
1.14349
1.19341
1.33847
0.920436
1.92265
1.17442
1.64669
1.49443
1.26506
1.71019
1.94297
1.62844
1.99085
1.58363
1.8177
1.62539
1.41792
1.59076
2.02807
1.30327
1.77652
1.87829
1.12949
1.53371
1.7021
1.21657
1.79283
1.35066
1.77934
1.61412
1.43127
1.42967
1.64968
1.96364
1.34962
1.41713
1.94183
1.73482
1.65057
1.85295
1.54243
1.61556
1.96057
2.02697
1.51338
1.64596
1.76133
1.69378
1.6229
0.841251
1.2377
1.62484
1.64296
1.46448
1.75839
1.68564
1.79623
1.46079
1.11692
1.34175
1.54431
1.33164
1.42202
1.88609
1.67372
1.94887
1.08999
2.10596
1.61185
1.20234
1.51464
1.98368
1.48226
2.27873
1.8781
1.6655
1.49649
1.55938
1.83652
1.45209
1.35314
1.73698
1.81054
1.49426
1.50865
2.06645
1.66422
2.1712
1.46268
2.04343
1.61354
1.38459
2.11239
1.51269
1.66622
1.55263
1.25075
1.47275
1.56718
1.41124
1.26063
1.82734
1.78736
1.72738
1.19414
1.39589
1.76884
1.25862
1.49491
1.67519
1.65789
1.74594
1.98743
1.4307
1.60758
1.8076
1.96502
1.3145
1.37101
1.56176
1.63194
1.54566
1.9106
1.48488
1.16634
1.67966
1.8921
1.36876
1.78294
1.33349
1.62133
1.94925
2.01729
1.57256
1.34016
1.82791
1.19579
1.27168
1.57941
1.8518
1.56103
1.81557
1.08032
1.5846
1.66593
1.41905
1.69059
1.634
1.49773
1.59554
2.01584
1.20907
1.60057
1.69653
1.72083
1.74335
1.82067
1.84941
2.1429
1.46994
1.62155
1.60349
1.77675
1.67013
1.31759
1.76107
1.43016
2.06895
1.34124
1.93261
1.57929
1.55265
1.80363
1.60114
1.35565
1.94452
1.54917
1.68787
1.55947
1.91857
1.68481
1.9022
1.45731
1.55963
1.71341
1.53779
1.54714
1.64719
1.72336
1.93231
1.44698
1.38703
1.50099
1.63843
1.51182
1.81993
1.58931
1.75403
1.5325
1.43883
1.68333
1.57055
1.76819
1.86145
1.56242
1.6989
1.67003
1.90329
1.28878
1.75025
1.3614
1.29565
0.948962
1.85603
1.29554
1.24108
1.6015
1.49072
1.48901
1.63326
1.6688
1.65059
1.47104
1.24161
1.80351
1.61022
1.8784
1.56218
1.82953
1.47709
1.4082
1.89258
1.69089
1.65796
1.83039
1.82833
1.65865
1.41775
1.39044
1.52596
1.90156
1.03781
2.1573
1.81067
1.11325
1.60848
1.92725
1.56019
1.45652
1.56339
1.59912
1.63396
1.02492
1.93504
2.12191
1.86064
1.68265
1.83051
1.53413
1.44577
1.64957
1.68001
1.67781
1.67658
1.89185
1.48317
1.23606
1.55215
1.66628
1.79382
1.47696
1.54954
1.43437
1.43921
1.22056
1.88905
1.51353
1.818
1.76088
1.81692
2.02487
1.39913
1.98167
1.56809
1.67943
1.58721
1.31193
1.26517
1.69447
1.47041
1.2163
1.38
1.30565
1.68695
1.34117
1.34348
1.73554
1.95073
1.48195
0.907822
1.23898
1.53747
1.72361
1.96743
1.47915
2.10902
1.35019
1.50577
1.04223
1.66659
1.51703
1.83302
1.23234
1.48532
1.99977
1.405
1.38868
1.47143
1.04128
1.45776
1.73105
1.27633
2.02848
1.64802
1.69482
1.74924
1.39279
1.58624
1.63659
1.53929
1.88206
1.86416
1.73517
1.8568
1.51532
1.82411
1.52723
1.84644
1.68393
1.84512
1.52008
1.94908
1.66136
1.68875
1.51867
2.01086
1.73991
0.78762
1.4951
2.05248
1.54048
1.76711
1.73008
1.74059
1.50376
1.62684
1.39001
1.43344
1.4037
1.76871
2.10671
1.64685
1.77549
2.21792
1.27897
1.52352
1.73434
1.7452
1.55004
1.78741
1.48861
1.88213
1.53832
1.80207
1.43543
1.92
1.53553
1.57223
1.89692
1.74349
1.78065
2.04889
1.40283
1.71135
1.86361
1.699
1.73196
1.24914
1.41901
1.83428
1.51271
1.49707
1.60156
1.86622
1.33664
2.17687
1.7052
1.17191
1.87408
0.88082
1.78034
2.04119
1.60086
1.66582
1.07525
1.76231
1.72007
1.67843
1.98768
1.6078
1.26249
1.63309
1.2388
1.39462
1.6796
1.69381
1.66598
1.71727
1.31591
2.19135
1.24165
1.54061
1.8708
1.64218
1.74848
1.20109
1.44215
1.50395
1.21914
1.26086
1.57926
1.58971
2.10679
1.53827
1.39113
2.06483
1.66566
1.9609
1.88638
1.71756
1.77565
2.20975
1.47317
1.92566
1.34819
1.70893
1.62772
1.73541
1.62905
1.13695
1.50952
2.29573
1.1015
1.28559
2.17027
1.56799
2.02825
1.44949
1.93895
1.8228
1.49473
1.66609
1.2031
1.44786
1.74671
1.9324
2.05361
1.60594
1.70887
1.73856
1.65815
1.52259
1.87993
1.80567
0.792188
2.01911
1.89467
1.7794
1.72245
1.2948
1.42219
1.68331
1.33492
1.17131
1.55754
1.69597
1.5169
1.25775
1.96246
1.6451
2.23972
1.82708
1.83216
1.44858
1.67408
1.57898
1.52635
1.80213
1.53632
1.78589
1.4362
1.91733
1.47051
2.1549
1.23741
0.965354
1.87299
1.51112
1.50059
2.07015
1.82271
1.27854
1.92774
1.83857
1.8678
1.54517
1.48091
1.86847
1.57206
1.51484
1.51497
2.12381
1.32019
1.30763
2.07151
1.62392
2.10987
1.48533
1.09016
1.76993
1.8605
1.66552
2.08865
1.42042
1.89111
1.27719
1.7127
1.71881
1.18823
1.39986
1.72736
1.45234
2.04594
1.3609
0.90026
1.42012
1.82904
1.48297
2.1544
1.2675
1.65883
1.72138
1.54513
1.59189
1.78697
1.72033
1.3472
1.61089
1.15431
1.56961
1.72897
1.50209
1.26042
0.949132
1.38924
1.82163
1.65124
1.89143
1.50966
1.36538
1.31824
1.54359
1.47006
1.7719
1.48334
1.65176
1.54177
2.0719
1.81298
1.56756
1.69774
1.90121
1.0453
2.30828
1.76205
2.00191
1.71779
1.8064
1.82594
1.74113
1.74114
1.39806
1.61284
1.89013
1.90635
1.45927
1.44978
1.84784
2.14493
1.8215
1.25641
1.63637
1.84968
1.24346
1.24804
1.59714
1.66983
1.4705
1.22806
1.82126
1.3424
1.7984
1.55825
1.86985
1.7393
1.37857
1.82411
1.67132
1.73401
1.69694
1.99418
1.49407
1.83576
1.4949
1.34861
1.66279
1.26052
1.72482
1.78356
1.72402
1.47195
1.48176
1.74966
1.35516
1.5039
1.33325
1.89753
1.19979
1.23788
1.49769
1.65752
2.0329
0.900566
1.97481
1.62347
1.26209
1.12788
1.64867
1.51234
1.60766
1.53937
1.64752
0.78937
1.29843
1.74816
1.43147
2.02672
1.28496
1.63198
1.86888
1.89257
1.50293
1.79301
1.25178
1.89934
1.63378
1.52766
1.83671
1.9278
1.1098
1.67371
1.32018
1.30534
1.33289
1.75704
1.78033
1.77685
1.70312
1.27023
1.89961
1.42131
1.71045
1.58642
1.42715
1.71936
1.36076
1.65174
1.89902
1.53205
1.71879
1.45564
1.7238
1.76567
1.76794
1.58931
1.60849
1.79256
1.69624
1.89037
1.76351
2.12239
1.87572
1.80936
1.78432
1.63953
1.70622
1.72513
1.93246
1.71992
1.85983
1.63011
1.62939
1.61915
1.66033
1.8193
1.56838
1.70028
1.81561
1.59239
1.24996
2.02862
1.31612
1.64902
1.88314
1.58487
1.61264
1.61458
1.35465
1.49617
1.83661
1.72443
1.46114
1.27871
1.54509
1.28982
1.89446
1.38213
1.58261
1.61169
1.44043
1.98113
1.60536
1.63924
1.3954
0.766508
1.68088
1.77846
1.44672
1.45282
1.86603
1.37531
0.841078
1.8359
1.57893
1.31451
1.65232
1.66992
1.62828
1.7968
1.7748
1.79479
1.87429
1.03769
1.70114
1.67547
1.45586
1.64703
1.68494
1.66399
1.81356
1.50523
1.48356
1.68196
1.26774
1.88663
1.62091
2.1895
1.72518
1.5201
1.43756
1.54633
1.58972
1.83228
0.989496
2.03654
1.79307
1.45269
1.0752
1.45199
1.42482
1.61418
1.7604
1.7186
1.35627
1.5999
1.41432
1.71668
1.42264
1.74378
1.55672
1.06881
1.44623
1.2007
2.09358
1.87939
1.611
1.34372
1.49286
1.57146
1.52091
1.33887
1.38758
1.58815
1.47773
1.47303
1.8544
1.40049
1.7819
1.4119
1.93065
1.59826
1.26173
1.42901
1.27048
1.73777
1.65898
1.71664
1.8942
1.60487
1.90061
1.86956
0.675887
1.68246
1.39494
1.42863
1.75841
1.51413
1.51626
1.71762
1.79588
1.92253
1.07614
1.4721
1.60388
1.36022
1.30013
1.32731
1.64403
1.63289
1.44995
1.26546
1.43209
1.54193
1.76289
1.68392
1.14013
1.6061
1.58808
1.58308
1.70742
1.70875
0.734643
1.453
1.08225
1.63468
1.62227
1.72743
1.51726
1.794
1.76103
1.23627
1.28971
1.91801
1.2182
1.42943
1.82802
1.44348
1.54058
2.01034
1.629
1.69235
1.51509
1.6591
1.59309
1.64861
1.67801
1.53637
1.68867
1.98772
1.7633
1.6477
1.81692
1.71087
1.74649
1.90899
1.75685
1.57449
1.31147
1.62383
1.63635
2.01842
1.42162
1.33032
2.00669
1.44399
1.78457
1.14303
1.53146
1.71089
1.96272
1.65348
1.94203
2.03795
1.79843
1.54653
2.01943
1.22122
1.58976
1.23399
1.9456
1.67656
1.69809
1.84627
1.85822
0.750514
1.66806
1.83865
1.01852
1.77808
1.74465
1.94349
1.68216
1.56257
1.64407
1.65347
1.56714
1.35455
1.75035
1.57556
1.92907
1.44332
1.07562
1.96763
1.52055
1.26366
1.62602
1.56305
1.51021
1.4703
1.65668
1.67
1.46676
1.8572
1.5907
1.66619
1.4025
1.63409
1.03544
1.44913
1.56414
1.7124
1.85284
1.55644
1.48972
1.50376
1.01546
1.94506
1.8665
1.28791
1.67213
1.82064
1.24932
1.75701
1.89435
1.71796
1.68996
1.29954
1.5614
1.72164
1.36234
1.83555
1.80124
1.73355
1.60658
1.36834
1.54671
1.63254
1.625
0.990581
1.20462
1.43042
2.00999
1.14285
2.1413
1.86581
1.55848
1.76789
1.39441
1.61374
1.20411
1.95761
1.93723
1.6587
1.51438
1.34949
1.97176
1.6689
1.97782
1.49387
1.70305
1.62421
1.40046
1.47474
1.67074
1.32158
1.79342
1.84495
1.37666
1.46754
1.55308
1.71204
1.27439
1.67302
1.68003
1.76565
1.23724
1.5289
1.78228
1.10705
1.24998
2.01119
1.58416
1.7722
1.40019
1.30064
1.25304
1.74423
1.40102
1.8935
1.62699
1.70757
1.96129
1.40335
1.29702
2.01011
1.92313
1.73789
1.97212
1.87564
1.67014
1.70126
0.880949
1.43262
1.93162
1.648
1.55241
1.32482
1.73516
1.24429
1.78197
1.49219
1.26926
1.69342
1.3172
1.54113
1.23703
1.65077
1.8681
1.53879
1.79223
1.9171
1.30042
1.66251
1.71711
1.61401
1.61316
1.9373
1.67656
1.73806
1.67555
1.35925
1.00462
1.16508
1.50926
1.95285
1.92595
1.82245
1.5358
1.37748
1.70151
1.73504
1.69378
1.84249
1.77888
1.60847
1.86606
1.47014
1.31466
1.45122
1.78142
1.55581
1.6542
1.7653
1.39877
1.26423
1.61297
1.72216
1.99115
1.43411
1.31054
1.70793
0.630358
1.66702
1.11353
1.63327
1.55296
1.46733
1.23824
1.40805
1.60896
1.50847
1.75732
1.10922
1.86329
1.92209
1.70843
1.90794
1.59925
1.28404
1.34919
1.57953
1.2351
1.29426
1.44553
1.46871
1.89268
1.32079
1.2998
1.20649
1.75651
1.42199
1.64012
1.69224
1.59794
1.71402
1.96963
1.58445
1.59944
1.48463
1.61292
1.92117
1.67406
0.95983
1.50169
1.59086
1.80142
1.16628
1.43635
1.5602
1.27664
1.65022
1.23704
1.56624
1.39739
1.49596
1.70001
1.28505
1.55348
1.71633
1.44092
2.02548
1.38649
1.63253
1.4505
1.91929
1.4632
1.80752
1.83526
1.99998
1.39983
1.1675
1.70119
0.816711
1.75916
2.06641
1.5457
1.5254
1.42829
1.77876
1.29278
1.05325
1.94814
1.49361
1.35223
0.985866
1.50461
1.33611
1.91784
1.56999
1.78128
1.74226
1.79574
2.10569
1.36469
1.25569
2.00812
1.46422
1.4195
1.91329
1.7286
1.93976
1.49965
1.79402
2.10655
1.38283
2.01273
1.77428
1.711
1.09307
1.42124
1.67277
1.54177
1.77205
1.31766
1.48339
1.38284
1.84101
1.15112
1.80041
1.50608
1.65109
1.38552
1.33045
1.5257
1.62141
1.13959
1.83038
2.09075
1.20163
2.04043
1.94571
1.74591
1.66679
1.72195
1.8016
1.80947
1.50105
1.68517
1.58703
1.21555
1.61767
1.34859
1.71692
0.957295
1.3816
1.73593
1.89675
1.25441
1.70416
1.89988
1.62128
1.46167
1.56561
1.34567
1.81812
1.22768
1.40382
1.41643
1.76938
1.97951
1.88708
1.43244
1.80627
1.96415
1.95454
1.54584
1.52555
1.84057
2.06994
1.63105
1.20849
1.66559
2.03457
1.41203
1.37081
1.57185
1.30396
1.75431
1.83784
1.5742
1.36947
1.83255
1.37516
1.53394
1.75001
1.49593
1.73011
1.4915
1.52266
1.8418
1.85681
1.68449
1.46083
1.34289
1.75619
1.7158
1.54225
1.08335
1.26304
1.78183
1.38793
1.3602
2.16021
1.48071
1.78157
1.81989
1.56187
1.30716
1.72693
1.9008
1.83558
1.73182
1.75226
2.10511
1.55537
1.49189
1.26814
1.68006
1.26422
1.48649
1.54717
1.20497
1.24486
1.14021
1.84115
1.53925
1.82102
1.75561
1.62444
1.7485
1.8765
1.61386
0.800841
1.2218
1.84311
1.97365
1.64003
1.36914
1.30459
1.8262
1.48692
1.39367
1.71878
1.37617
1.59956
1.81223
1.84187
1.49651
2.03321
1.73965
2.09515
1.61748
1.52962
1.55231
1.53444
1.98661
1.84165
1.32922
1.79389
1.23508
1.55847
1.71945
1.05707
0.984613
1.49843
1.96342
1.82828
1.47773
1.42641
1.54919
1.32242
0.64413
1.61884
1.12637
1.29365
1.36432
1.79531
1.76199
1.3979
2.01152
1.76389
1.09701
1.87726
2.19367
1.81054
0.984346
1.62629
1.77913
1.82578
2.11208
1.88601
1.97992
1.23367
1.56157
1.80859
1.7488
1.56409
1.73705
1.63541
1.94471
1.11374
1.73002
1.60946
1.54818
1.36382
1.40483
1.30664
1.7586
2.07786
1.70443
1.94879
1.81429
1.85325
1.21101
1.92262
1.52659
1.54369
1.59793
1.66786
1.79237
1.50014
1.42462
1.37532
1.61448
1.87953
2.15555
1.44589
2.12849
1.41048
1.4083
1.6882
1.68987
1.25918
2.04629
1.43483
1.41772
1.95227
1.14525
1.83409
1.84649
1.92937
1.58543
1.59678
1.47959
1.20148
1.48113
1.44102
1.66775
1.47574
1.67619
1.75778
1.87121
2.05047
1.41655
1.4781
1.42369
1.3657
1.81271
1.87988
1.42334
1.75843
1.7582
1.49328
1.69516
1.66839
1.97632
1.69709
1.31118
1.3681
1.56408
1.82145
1.44936
1.41117
1.87036
1.62635
1.28474
1.46451
1.8139
1.42136
1.62203
1.83185
1.56144
1.50092
1.21163
1.68062
1.42263
1.85723
1.46481
1.71308
2.02486
1.44591
1.42207
1.31475
1.43565
1.93699
1.53339
1.46292
1.41618
1.44188
1.51123
1.62538
1.60152
1.82237
1.28496
1.7257
2.04013
1.85967
1.30768
1.7385
1.59128
1.82593
1.35178
1.79178
1.70363
1.40869
1.27207
1.85128
1.08413
1.2188
1.66532
1.1578
1.3879
1.47657
1.97692
1.80283
1.72364
1.65348
1.52304
1.69459
1.88126
1.71995
1.62545
1.49697
1.73435
1.5265
1.83283
1.64151
1.77671
1.25542
1.89713
0.862695
1.5313
1.98398
1.44549
1.14911
1.29847
1.52367
1.52457
1.46446
1.52743
1.86258
1.92449
1.77524
1.86431
1.29181
2.04009
1.34599
1.63122
1.99769
1.77596
1.8675
1.30799
1.33462
1.14971
0.849113
1.59608
1.19437
1.96664
1.7395
1.88692
1.86691
1.63166
1.7712
1.53521
1.96741
1.24737
1.72911
1.87534
1.7726
1.717
1.78573
0.966678
1.5776
1.92228
1.70471
1.9496
1.64142
1.54867
1.48574
1.29737
1.42896
1.67872
1.66602
1.73001
1.89216
1.7328
1.1622
1.43029
1.9954
1.5595
1.72482
1.3484
1.69091
1.81063
2.11165
1.51548
1.66838
1.70486
1.59903
2.15906
1.1655
1.86834
1.97709
1.81451
2.02917
1.19474
1.62051
1.55804
0.961028
1.31139
1.53885
1.52561
1.21861
1.58217
1.77172
1.93267
1.5563
1.63642
1.79302
1.55735
1.85341
1.51992
1.78593
1.80937
1.70188
1.25946
1.40824
1.86011
1.58531
1.476
1.50821
1.19124
1.46707
1.80087
1.65732
1.42245
1.35432
1.77646
1.50747
1.76391
1.56375
1.58074
1.21164
1.7622
1.38731
1.65203
1.6475
1.86334
1.54633
1.21297
1.6183
1.35581
1.84363
1.25917
1.6042
1.57846
1.60534
1.70847
1.22244
1.22467
1.49587
1.93885
1.32961
1.54752
1.00117
1.41354
1.69767
1.29623
1.472
1.9455
1.79964
1.29515
1.6107
1.16147
1.33581
1.74037
1.68425
1.73412
1.53362
1.63615
1.32964
1.45804
1.5793
1.67414
1.36654
1.68119
1.94915
1.47507
1.65022
1.67742
1.49531
1.61393
1.71427
1.94873
1.84314
1.81204
1.03271
1.84968
1.38555
1.33061
0.924132
1.80559
1.87384
1.36738
1.78153
1.52168
1.71693
1.87819
1.35008
1.46652
2.00885
1.95974
1.28356
1.73151
1.77319
2.15252
1.74538
1.99413
1.57495
1.45745
1.62091
1.69226
1.38833
1.3435
1.69611
1.54242
1.3093
1.55638
1.65174
1.93294
2.09416
1.50502
2.08481
1.32248
1.81346
1.66802
1.71839
1.48903
1.50158
1.78144
1.5665
1.67066
1.83968
1.38583
1.312
1.90983
1.24959
1.10698
1.37964
1.67894
1.60436
1.46668
1.51758
1.93046
1.45612
1.17798
1.81761
1.49451
1.3299
1.62849
0.773831
1.7037
1.78364
1.5826
1.60827
1.48049
1.55899
1.55122
1.44411
1.60458
1.32023
1.73933
1.6629
1.82648
1.484
1.83558
1.93619
1.45064
0.776004
1.4682
1.38387
1.38802
1.41304
1.27692
1.76758
1.80543
1.21992
1.60739
1.72975
1.34133
1.48885
1.66638
1.69003
1.55323
1.4811
1.49875
2.14236
1.81986
1.59953
1.98736
1.12132
1.64552
1.63088
1.48885
1.82878
1.68073
1.56491
1.88421
1.24525
1.78314
1.61253
1.5964
0.790807
1.80888
1.4463
1.51738
1.76167
1.35814
2.06613
1.77327
1.60964
1.3858
1.78608
1.1656
1.6912
1.61215
1.52984
1.96132
1.74011
0.899986
1.06124
1.76073
1.88272
1.33367
1.6264
1.75078
1.53051
1.05219
2.04942
1.25365
1.79263
1.54619
1.65617
1.51651
1.41101
1.94148
1.56772
1.72858
1.84191
1.9918
1.96061
1.42336
1.84612
1.73547
2.0356
1.69498
1.57296
1.36311
0.814637
1.65053
1.11295
1.66364
1.48046
1.93464
1.50038
1.77046
1.58348
1.84859
1.52309
1.3189
1.81822
1.9983
1.68639
1.65725
1.47817
0.907367
1.81602
1.60564
1.37922
1.49326
1.99273
1.73083
1.7011
1.16869
1.61247
1.64363
1.686
1.95239
1.70978
1.61229
1.10533
1.9489
1.82798
1.59006
1.4338
1.71538
1.84613
1.77128
1.79666
1.82274
1.20162
1.36657
1.5015
1.49883
1.57042
1.80425
1.43865
1.68892
1.57695
0.887588
1.3921
0.81012
1.73937
1.59801
1.61901
1.08712
1.79978
1.70701
1.42524
1.62365
1.64502
1.87464
1.53534
1.64452
1.67651
1.66757
1.72176
1.79432
1.56306
1.35881
1.48325
1.57665
1.92151
1.59563
1.60511
1.52541
1.38069
1.95736
1.61679
1.05509
1.35904
1.34086
1.50388
1.16673
1.62503
1.07944
1.49872
1.58947
1.63156
1.67557
1.68004
1.64461
1.59663
1.78522
0.960819
1.77962
1.65043
1.33391
1.70593
1.29387
1.70143
1.56727
1.52304
1.47767
0.896508
1.65855
1.74238
1.67965
1.83056
1.7168
1.39807
1.45196
1.37432
1.82077
1.48559
1.09929
1.8466
1.75358
1.47376
1.5647
1.33177
1.54371
1.91212
1.94593
1.42819
1.10432
1.88617
1.90592
1.87624
1.63257
1.38705
1.64261
1.74315
1.78022
1.84416
1.61856
1.60233
1.49071
1.56408
1.78043
2.05154
1.50188
1.56214
1.65305
1.35214
1.40697
1.69698
1.68716
1.68632
1.33247
1.89916
1.63196
1.79301
1.92483
1.67613
1.61932
1.85916
1.63317
1.52799
1.64734
1.6328
1.38615
1.22108
0.997954
1.5092
1.86409
1.6616
1.82649
1.96862
1.09872
2.01679
1.60771
1.55602
1.70252
1.84556
1.21694
1.47418
1.54931
1.23721
1.62494
1.83678
1.53071
1.83013
1.62714
1.88139
1.89906
1.67655
1.69293
1.72098
1.2962
1.52196
1.87206
1.47852
1.72896
1.72602
1.99178
1.69313
1.6594
2.1601
1.01104
1.63622
1.99102
1.60627
1.67272
1.73017
1.65684
1.44357
1.72497
1.86793
1.55691
1.92079
1.47196
1.89167
1.75441
1.53652
1.20843
1.93936
1.00403
1.22354
1.89731
1.60311
1.50248
1.43762
1.03281
1.50656
1.74635
1.57649
1.97026
1.34728
1.706
1.42649
1.72506
1.78233
1.96943
1.04456
1.03891
1.58077
1.70495
1.08348
1.79542
1.79894
1.54409
1.8496
1.78806
1.58071
1.33754
1.90416
1.87104
1.65145
1.92281
1.73538
1.8068
1.96177
1.47597
1.77634
1.85358
1.75922
1.59099
1.79009
1.52991
1.00796
1.97361
1.30728
1.94177
1.28173
1.99201
1.67063
0.950269
1.88827
2.10892
1.04173
1.71577
1.01217
1.16495
1.28325
1.35664
1.28788
1.96736
1.67896
1.75994
1.85123
1.93554
1.72308
1.7757
1.89683
0.972573
1.61943
1.57274
1.22773
1.86457
1.70449
1.46823
1.51683
1.69769
1.77799
1.47505
1.38566
1.72979
1.79906
2.0952
1.34275
1.53445
1.92619
1.72479
1.69704
1.65344
1.57656
1.63816
1.48766
1.4209
1.67181
1.46713
1.98974
1.91105
1.66294
1.71342
1.90694
1.51117
1.225
1.68421
1.49656
1.30554
1.89105
1.86542
1.93474
1.4619
1.6956
1.40573
2.1439
1.7882
1.72632
1.4695
1.88694
1.46089
1.42092
1.40258
1.7585
1.58528
1.54735
1.8595
1.73446
1.68833
2.15783
1.92303
1.95408
1.38916
1.62739
1.61707
1.7735
1.38703
1.74657
1.79222
1.76433
1.35337
1.53461
1.55192
1.89572
1.74234
1.3281
1.74263
1.90926
1.26975
1.6187
1.48799
1.58587
1.41222
1.7348
1.60306
1.90309
1.5181
1.12048
1.80026
2.19694
1.42731
1.60678
1.98571
1.81606
1.52019
1.56337
1.58674
1.71404
1.58672
1.92903
1.41643
1.30757
1.8369
1.76423
1.58884
1.78514
1.15869
1.41902
1.39354
1.585
1.88729
1.29253
1.27208
1.9021
1.54771
1.34336
1.88553
1.57578
1.40018
1.31934
1.37132
1.33205
1.40309
1.2775
2.26407
1.89077
1.37128
1.6947
1.43115
1.62574
1.29517
1.83143
2.04778
1.91724
1.62297
1.63485
1.49403
1.71529
1.11829
1.74307
1.69607
1.7571
1.53064
1.889
1.50628
1.71544
1.11951
1.8397
1.35988
1.80305
1.7531
1.54584
1.72198
1.45003
1.75909
1.12024
2.1732
1.93214
1.65353
1.76802
1.56723
1.62815
1.64984
1.65535
1.42805
1.74862
1.30479
1.47244
1.50978
1.96749
1.80175
1.66443
1.64938
1.5408
1.29678
1.76769
1.22032
1.45512
1.76005
1.20282
1.34569
1.43385
1.8042
1.55729
1.44217
1.94158
1.59833
1.31755
1.74306
0.942629
1.85459
1.72944
1.4017
1.47323
1.36948
1.7008
1.80982
1.6128
2.06689
1.44799
1.7301
1.57795
1.80168
1.33467
1.21117
1.70519
1.88806
1.65304
1.69206
1.56442
1.64176
1.49402
1.50355
1.48584
1.51662
1.88453
1.65686
1.6279
1.63546
1.26325
1.77871
1.73661
1.97841
1.46115
1.61054
1.42098
1.65082
1.75838
1.95791
1.68177
1.83207
1.42159
1.57942
1.12805
1.59099
1.24608
1.7618
2.06283
1.80318
1.59666
1.45109
1.75837
1.65424
1.70194
1.54977
1.26129
0.944428
1.90069
1.73061
1.65064
1.37259
1.30896
1.4828
1.71957
1.86573
1.86197
1.80746
1.7244
1.73487
1.81475
1.70511
1.63579
1.68751
1.31155
1.50108
1.92733
2.04156
1.18371
1.87987
1.48956
1.95352
1.74326
1.36708
1.36796
1.64972
1.91713
1.77593
1.60476
1.23881
1.54447
1.18466
1.70384
1.57115
0.938464
0.995424
1.26076
1.73872
1.19517
1.21544
1.40704
1.94186
1.62444
1.3533
1.6198
1.60527
1.38997
1.40881
1.87546
1.6761
1.70452
1.45913
1.53525
1.00069
1.51251
1.66786
2.02911
1.72878
1.39123
1.38347
1.4052
1.5891
1.6931
1.79085
1.63607
1.62505
1.77551
1.72577
1.75115
1.75476
1.71553
1.95454
2.09626
1.60549
1.74412
1.73719
1.27189
1.59065
1.4483
2.14891
1.63873
1.17563
0.942931
1.65097
1.81927
1.77898
1.70391
1.61998
1.59572
1.65248
1.65555
1.73538
1.54056
1.60956
1.44684
1.54372
1.47436
1.53714
1.54978
1.91781
1.46551
1.54687
1.61177
1.52012
1.03002
1.24118
1.28998
1.54288
0.926613
1.23829
1.60608
0.85388
1.59927
1.81503
1.73363
1.24252
1.76017
1.4299
1.92411
1.59136
1.8653
1.54679
1.87431
1.68955
1.47118
1.59659
1.64671
1.2788
1.62055
1.27289
1.9361
1.63515
1.82081
2.03674
1.71606
2.18221
1.782
1.80064
1.71098
1.74884
1.90478
1.24613
1.85592
2.0363
1.70178
1.88092
1.9006
1.61995
1.5917
1.36278
1.72565
1.42202
1.63374
1.48682
1.34174
1.65848
1.79705
1.63943
1.80533
1.6565
1.82818
1.59012
1.53218
1.4279
1.7877
1.20198
1.87093
1.37178
1.75241
1.93107
1.50079
1.39536
2.01663
1.74022
1.41892
1.40035
1.7921
1.77787
1.37835
1.58086
1.66983
1.33905
1.55942
1.28828
1.68982
1.266
1.72745
1.56121
1.2919
1.33815
1.6358
1.16427
0.661747
1.69728
1.74003
0.761499
1.42078
0.87251
1.77076
1.77701
1.42989
1.906
1.22149
1.48228
0.714397
1.72545
1.25894
2.06802
1.59116
1.38417
1.95744
1.28431
1.94485
1.68016
1.84238
1.68408
1.08386
1.72761
1.55824
1.27435
1.36778
1.82362
1.44908
1.67287
1.56608
1.90681
1.5887
1.08814
1.82013
1.80257
1.62138
1.8532
2.08306
1.40209
1.56557
1.47
1.66831
1.88394
1.98573
2.16012
1.85958
1.50818
1.98762
2.03366
1.88382
1.83474
1.87467
1.97106
1.32835
1.30348
1.35562
1.59049
1.87813
1.76067
1.61187
1.32282
1.89075
1.80759
1.76114
1.32072
1.85684
1.54045
1.59299
1.48249
1.64566
2.18777
1.83599
1.87887
1.8739
1.43908
2.03189
1.3996
1.55348
1.44611
1.23038
1.34564
1.58943
1.73628
1.35064
1.56134
1.84595
1.59458
1.38414
1.64822
1.31535
1.14546
1.76925
1.63371
1.38273
1.20968
1.6803
2.13992
1.30385
1.32067
1.57539
1.35052
1.96877
1.68957
1.18021
1.53601
1.5291
1.54046
1.94959
1.03578
1.66287
1.26267
1.86515
1.85677
2.04841
1.11455
1.89411
1.84003
2.14976
1.1843
1.73843
1.60195
1.52486
1.28049
0.809555
1.48095
1.65117
1.34142
1.81203
1.76113
1.76051
1.17556
1.70318
1.11182
0.951228
1.43624
1.79902
1.93965
1.7652
1.13124
1.22222
1.4975
1.5727
1.70791
1.08356
1.81154
1.6037
1.68156
1.67981
1.44479
1.47634
1.85542
1.34233
1.53608
1.35114
1.71308
1.53009
1.26253
1.3705
1.81623
1.35503
1.84252
1.58322
1.5961
1.48583
1.42251
1.87486
1.39303
1.27521
1.74813
1.2598
1.3665
1.29025
1.25077
1.38469
1.55469
1.39671
1.73043
1.58032
1.31515
1.68695
1.41833
1.63944
1.45215
1.89352
1.66386
1.43637
1.46877
1.68346
1.13907
1.77388
1.34466
1.63082
1.41227
1.60786
1.79459
1.72933
1.45255
1.73527
1.8397
1.89411
1.64632
1.98545
1.95611
1.93704
1.57278
1.20294
1.7468
1.43471
1.39361
1.60798
1.57049
1.82308
1.81276
1.58935
1.43937
1.70485
1.24835
1.6164
1.06519
1.61983
1.39013
1.56618
1.55284
2.09167
1.77286
1.84901
1.87974
1.51957
1.6905
1.77758
1.51337
1.94854
1.56942
1.87101
1.32084
1.81705
1.71877
1.76165
1.86182
2.06526
1.30325
1.74521
1.56481
1.91055
1.2668
1.91174
1.49684
1.62287
1.62323
1.73977
1.55588
1.53674
1.73079
1.71274
1.58925
1.78703
1.58804
1.07669
1.52875
2.10617
1.7899
1.06173
2.01452
1.51904
1.43865
1.85271
1.40865
1.8017
1.68369
1.65798
1.6757
2.13825
0.994043
1.18409
1.77616
1.44762
1.67088
1.90324
1.69596
1.67367
1.51298
1.36637
1.58761
1.54431
2.04793
1.37797
1.1911
1.96209
2.01836
1.43681
1.59426
1.89598
1.61893
1.48591
1.5464
1.30507
1.63192
1.27572
1.25112
1.55372
1.34042
1.73155
1.63336
1.45081
1.2898
1.90167
1.77494
1.57017
1.6469
1.57448
1.62731
1.51319
1.79726
1.69303
1.52254
1.74426
1.33065
1.26284
1.4002
1.89551
1.55833
1.5627
1.54605
1.92123
1.68097
1.74711
1.89399
1.7285
1.54484
1.77305
1.49949
1.64288
1.64015
1.59263
1.804
1.32154
1.55234
1.55865
1.31738
1.51067
1.57993
1.60783
1.68253
1.82011
1.98611
1.65573
1.37198
1.20417
2.13946
1.93314
1.80925
1.52974
1.59633
1.28432
1.96539
1.6252
1.71594
1.45266
1.6739
1.01593
1.68238
1.7267
1.69231
1.60544
1.7727
1.70406
1.2594
1.66276
1.85157
1.59713
1.83449
1.79549
1.46876
1.61842
1.74961
1.27698
1.27957
1.7117
1.81727
1.60458
1.37125
1.58639
1.05687
1.56067
1.42349
1.79515
1.49385
1.77246
1.84007
1.69474
1.64254
1.49008
1.32024
2.01603
1.57491
1.39842
1.76802
1.38778
1.74766
1.46377
1.56731
1.36429
1.75548
1.70014
1.23251
1.8713
1.60459
1.84396
1.25375
2.03171
1.35707
1.4168
1.33154
1.48753
1.55146
1.11021
1.20985
1.48842
1.25669
1.43326
1.67924
1.75057
1.5868
1.5152
1.51866
1.58754
1.82655
1.66394
1.78922
1.11378
1.94141
1.78458
1.59821
1.20874
1.52216
1.04869
1.53541
1.6762
1.62768
1.99837
1.49323
1.68145
1.74876
1.72874
1.67272
1.47865
1.51599
1.37106
1.78668
1.49086
1.91454
1.90664
1.85559
2.27218
1.68128
1.41613
1.65789
1.66752
1.44787
1.3509
1.56697
1.79419
1.70853
1.73716
1.96631
1.32907
1.49897
1.52107
1.571
1.10375
1.61586
1.33548
1.5113
1.35032
1.45012
1.48699
1.21761
1.63777
1.99394
1.72748
1.6861
1.80496
2.18473
1.62594
1.74494
1.88963
1.3577
1.27399
1.60611
1.54676
1.42458
1.69946
1.74422
1.45018
1.79998
1.65587
1.62482
1.44746
1.71626
1.26305
1.25443
1.74161
1.52298
1.42897
2.03885
1.56382
1.6356
1.82793
1.81426
1.71408
2.01601
1.60702
1.67822
1.43673
1.37501
1.83791
1.55812
1.88702
1.59727
1.41303
1.45066
1.59899
1.49013
1.09575
1.56921
1.51439
1.15913
0.957527
1.43482
1.71115
1.87267
1.29542
1.23498
2.0795
1.54801
1.20708
1.29478
1.84333
1.54668
1.79534
1.42173
1.95955
2.1985
1.82808
1.46146
1.54007
1.77454
1.52421
1.99652
1.2762
1.43314
1.39031
1.57486
1.81982
1.82908
1.71978
1.78177
1.54266
1.75899
1.40699
1.36231
1.70319
2.14955
1.56985
1.23184
1.20005
1.94922
1.53289
1.70188
1.81503
1.54037
1.57413
1.39265
1.53077
1.66893
1.8117
1.88534
1.80595
1.67968
2.00813
1.79535
1.63148
1.40953
1.75883
1.40105
0.490789
1.28195
1.79216
1.27178
1.8209
1.80251
1.51681
1.72962
2.08974
1.54125
1.53279
1.01687
1.36108
1.65044
1.40296
1.73464
1.52225
1.83872
1.60089
1.81591
1.67444
1.76249
1.9105
2.16352
1.16597
1.50217
1.74876
1.59662
1.86957
1.54402
1.74173
1.43452
1.47983
1.85887
2.07148
1.37461
1.71377
1.65739
1.41825
1.46547
1.60934
1.5315
1.6114
1.38354
1.77401
1.86428
1.75478
1.64272
1.4854
1.27243
1.67118
1.35291
1.60451
1.46405
1.41754
1.21768
1.76012
1.79102
1.76138
1.26377
1.81119
1.61326
1.75557
1.7588
1.55314
1.84592
1.46185
1.61655
1.63059
1.71788
1.26547
1.69727
1.5193
1.87166
1.22343
1.52253
1.59233
1.91849
1.92087
1.44128
1.63945
1.65081
1.44641
1.62592
1.557
1.83723
1.37798
1.99277
1.74558
1.77861
1.26405
1.90732
1.90182
1.0531
1.71516
1.48514
1.39749
1.74854
2.06426
1.44089
1.70397
1.63376
1.72941
1.66805
1.80957
1.64154
1.51909
1.83881
1.47951
1.40258
1.2864
1.29652
1.4865
1.9064
1.55747
1.31446
1.44695
1.62542
1.38702
1.82848
0.98571
1.75173
1.42935
1.81844
1.67369
1.76539
1.71831
1.23048
1.56689
1.57064
2.19555
1.82274
1.59989
1.53222
1.75373
1.2939
1.89534
1.30186
1.65054
1.78066
2.01523
1.50461
1.6272
1.54268
1.97234
1.66454
1.03465
1.71433
1.40404
1.81481
1.60096
1.56829
1.27346
1.33344
1.49817
1.55254
1.72861
1.10533
1.35965
2.11998
1.89397
1.64036
1.77718
1.99013
1.6546
1.31028
1.50527
1.76136
1.89619
1.40699
1.46095
1.35634
1.76128
1.22318
1.69122
1.80574
1.71516
1.79978
1.83767
1.29211
1.74639
1.19042
1.44407
1.86811
1.62772
1.73556
1.75329
1.76709
1.6147
1.34761
1.39768
1.60843
1.76399
1.39696
1.5549
1.40776
1.37206
1.81158
1.00621
1.47971
1.54333
1.4823
1.56316
1.62375
1.41389
1.51382
1.41353
1.39655
1.5754
1.57241
1.56606
1.98179
1.57679
1.63029
1.62837
1.82773
1.79389
1.91662
1.72526
1.52467
1.22329
1.4657
1.52771
1.33455
2.05723
1.89707
1.61648
1.09787
1.95653
1.3995
1.65371
1.98025
1.61828
1.72137
1.55379
1.59481
1.7697
1.42262
1.88437
1.74117
1.88988
1.60732
1.83913
1.25613
1.14988
1.77201
1.62268
1.6537
1.23576
1.48448
1.82457
1.84029
1.46789
1.86023
1.53817
1.67703
1.55399
0.979166
1.27056
1.5135
1.60018
1.72422
1.96138
1.55939
1.36496
1.27011
1.21074
1.4542
1.49105
1.49801
1.52926
1.46239
1.29608
1.30782
1.54357
1.39112
1.73449
1.86262
2.02751
2.16174
1.34069
1.72783
2.01371
1.75325
1.20817
1.28741
1.55423
1.99622
2.06278
1.55938
1.46168
1.17096
1.37494
1.0927
1.50112
1.53031
1.30706
1.73533
1.26805
1.27386
1.51887
1.28438
1.54024
1.92993
1.33455
1.69756
1.63754
1.90618
1.79448
1.36714
1.34686
0.93039
1.73833
1.51679
1.10033
1.63305
1.69969
1.44792
1.29753
1.47073
1.63441
1.05368
1.56383
1.82305
2.14012
1.78754
1.2427
1.44098
1.58976
1.32764
1.60111
1.95949
2.24535
1.64782
1.46313
1.62959
0.965351
1.49207
1.62698
2.01915
1.33466
1.70598
1.31717
1.6797
1.46098
1.74398
1.48596
1.30324
1.71531
1.87108
1.34471
1.73496
1.20562
1.20358
1.71441
1.39624
1.88307
1.94678
1.40721
1.6604
1.841
1.22927
1.5334
1.16564
1.48886
1.70813
1.92472
1.91026
0.61566
0.815818
1.79992
1.52511
1.15714
1.55343
1.58419
1.61964
1.21205
1.77378
1.27024
1.81134
1.78604
1.18379
1.55074
1.39929
1.55828
0.980215
1.9545
1.84387
1.77319
1.52058
1.43071
1.4812
1.3702
1.73386
1.24751
1.58453
1.4076
1.55143
0.931997
1.68551
1.97504
0.863401
1.62998
1.84463
1.8515
1.64903
1.22906
1.96763
1.36323
1.24652
2.19401
1.43978
1.71818
1.4354
1.71879
1.37695
1.53193
1.80278
0.903467
1.23481
1.73168
1.43512
1.62117
1.45281
1.24402
1.50477
1.70748
1.25943
1.45355
1.32324
2.02097
1.48937
1.31921
1.9531
1.65819
1.45029
1.74512
1.6173
1.8027
1.68381
1.53614
1.66762
1.86461
1.6507
1.60167
1.49854
1.47456
1.47659
1.65564
1.42396
1.17093
1.43804
1.52781
1.4293
1.38552
2.0948
1.59043
1.38808
1.78446
1.88023
1.60093
1.54866
1.87482
2.11516
1.48412
1.61509
1.16773
1.73532
1.57203
1.91654
1.55379
0.894725
1.28145
1.81933
1.18687
1.45605
1.66301
1.61119
1.54593
1.95744
1.42003
1.44412
1.80959
1.63395
1.8579
1.79808
1.7756
1.27335
1.66767
1.52178
1.40541
1.17054
1.76586
0.8842
1.59836
1.24191
1.70259
1.45872
1.19915
1.75707
1.50875
1.77414
1.86515
1.48179
1.39392
1.53278
1.18238
1.29046
1.62459
0.864952
1.74107
1.60635
1.6047
1.54969
1.52951
1.36791
1.36162
1.40994
1.86676
2.14524
1.84417
1.72536
1.74967
1.55671
1.4438
1.47808
1.68227
1.70719
1.53151
1.42207
1.91664
1.7688
2.02523
1.60718
1.79475
1.82977
1.06649
1.2524
1.42004
1.24527
1.22899
1.52097
1.92892
1.7301
1.77527
1.9165
1.35243
1.86225
1.12225
1.71399
1.63024
1.7591
1.60095
1.83241
1.99749
1.59326
1.12641
1.28634
1.52813
1.55535
2.03471
1.66966
1.66957
1.70251
1.86823
1.77185
1.16316
1.15053
1.80766
2.07551
1.27189
1.69429
1.76249
1.78189
1.74328
1.36895
1.39442
1.4585
1.41599
1.67566
1.74495
1.66459
1.50148
1.48164
1.61165
1.43928
1.50229
1.49291
1.62536
1.85773
1.56036
1.41428
1.71685
1.19541
1.92484
1.49304
1.50089
1.63697
1.39946
1.59054
1.8853
1.68994
1.56321
1.81697
1.73972
1.31816
1.54881
1.4874
1.17068
1.66323
1.66198
1.50221
1.45649
1.67497
0.961551
1.44394
1.56377
2.24993
1.59362
1.98457
1.84216
1.12843
1.29415
1.33295
1.6198
1.57338
1.56671
1.84008
1.8213
1.63671
0.797734
1.04984
1.74541
1.6059
2.07989
1.77223
1.28655
1.8648
1.49826
1.10926
1.83085
1.62349
1.71563
1.58042
1.25381
1.18937
1.60706
1.69759
1.72859
1.66239
1.67664
1.6201
1.62551
1.72885
1.80461
1.37999
1.57552
1.55684
1.81546
1.48808
1.62221
1.10717
1.85812
2.12587
1.255
1.9982
1.32979
1.91055
1.76607
1.7956
1.99432
1.6643
1.7958
1.68074
1.60109
1.70217
1.41406
1.66648
1.73759
1.66523
0.766414
1.12867
1.67499
1.79737
0.997005
1.09941
1.32202
1.50401
1.70448
1.83962
1.26361
1.19489
1.32589
1.87607
1.75253
1.90307
0.963652
1.64972
1.51957
1.94951
1.34773
1.59938
1.47275
1.98009
1.59214
1.52167
1.55684
1.87196
1.6524
1.07132
1.71139
1.8003
1.82709
1.85413
1.27319
1.79895
1.97193
1.81282
1.59669
1.66045
1.94614
1.25922
1.47431
1.35398
1.27627
1.77296
1.12918
1.54789
1.66063
1.15901
1.84915
1.42289
1.25702
1.60988
1.61506
2.059
1.8779
1.23381
2.10132
1.60101
1.7228
1.40609
1.3445
1.70671
1.57567
1.70411
1.35031
1.52029
1.37228
1.7435
1.339
1.35798
1.6155
1.9189
1.67071
1.41811
1.61686
1.22007
1.22891
1.71823
1.52219
1.40084
1.05504
1.68221
1.36666
1.71208
1.95135
1.65093
1.25815
1.7723
2.17377
1.89338
1.214
1.54908
1.53702
1.70091
1.90686
2.04888
1.5573
1.82679
1.68613
1.7553
1.05016
1.57244
1.46828
1.57764
1.6344
1.84818
1.63564
1.84946
0.946474
1.65312
2.1362
1.79346
1.07484
1.64047
2.00066
1.62662
1.25986
1.12692
1.49476
1.64556
1.98843
1.68092
1.36717
1.25111
1.42769
1.51614
1.71803
1.76541
2.0023
0.94559
1.84759
1.76297
1.38283
1.75884
1.8455
1.64718
1.70949
1.19326
1.75347
1.66828
1.72208
1.90934
1.85419
1.3498
1.80173
1.41665
0.866682
1.37707
1.67826
1.90823
0.995163
1.77345
1.95372
1.63006
1.98659
1.85068
1.24545
1.28279
1.54607
1.64794
1.48381
1.77974
1.36225
1.59504
1.07723
1.50739
1.66164
1.58308
1.92911
1.68036
1.31788
2.02072
1.94437
0.862579
1.55395
1.36253
1.77809
1.84035
1.52188
1.25051
1.3688
1.63005
2.01879
1.94181
1.28775
1.72454
1.65002
1.73474
1.22843
1.48865
1.93648
1.65565
1.58005
1.21911
1.72978
1.84684
1.7781
2.12595
1.78937
1.44031
1.44541
1.98314
1.54916
1.73153
1.50171
2.01084
1.73148
1.65576
1.79161
1.37703
1.13328
1.92711
1.62306
1.77164
1.97146
1.57277
1.48816
1.2025
1.58025
1.48582
1.94543
1.53768
1.61555
1.65191
1.44686
1.71849
1.5287
2.11502
1.13635
1.45245
1.69208
1.71612
1.58551
1.52104
1.28473
1.26707
1.38313
1.95363
1.8084
1.39575
1.71683
1.15627
1.73435
1.82223
1.04035
1.35825
1.10833
1.97957
1.71565
1.59878
1.87507
2.15545
1.16816
1.45652
1.45213
1.28971
1.87689
1.67491
1.7176
1.80184
1.86803
1.30833
1.51469
1.93507
1.56899
1.58763
1.40405
2.00986
1.53328
1.3317
1.48979
2.00203
1.38644
1.45831
1.51099
1.5582
1.42996
1.60141
1.87632
1.33168
0.83847
1.41918
1.41868
2.07276
1.66691
1.10108
1.56101
1.33683
1.80292
1.20529
1.4565
1.42622
1.52569
1.65975
2.0171
1.46969
1.18728
1.7994
1.89133
1.6757
1.9065
1.94054
1.67806
1.25455
1.85962
1.75368
1.50117
1.55343
1.93248
1.69826
1.78723
1.624
1.53492
1.29231
1.89042
1.24393
1.61128
1.39001
1.6742
2.12403
1.05093
1.80937
1.21489
1.49167
1.78367
1.50304
1.82937
1.8838
1.57086
2.03328
1.81012
1.78245
1.64675
1.5866
1.37309
1.50193
1.49901
1.8615
1.2953
1.36308
1.63611
1.36425
1.47798
1.67676
1.537
1.7412
1.61903
1.35018
1.26516
2.00128
1.77792
1.58587
1.41375
1.31192
2.00978
1.34234
1.55347
1.7558
1.8106
1.64275
1.41252
1.35671
2.05274
2.01751
1.71775
1.40843
1.26855
1.15791
1.72598
1.61059
1.67136
1.58779
2.16207
1.65659
1.42442
1.80471
1.63821
1.60095
1.59645
1.2693
1.95409
1.92104
1.63788
1.53821
1.75798
1.88127
1.42844
1.54543
1.51855
1.64066
1.87268
1.03972
1.92631
1.87194
1.36674
1.88053
1.61714
1.50838
1.40839
1.7132
1.33861
1.58955
0.940324
1.57134
1.76412
1.79841
1.21508
1.76079
1.80973
1.82606
1.86527
2.15403
1.91933
1.78552
1.74678
1.92966
1.97453
1.5991
1.36948
1.32163
1.53155
1.16354
1.68329
2.00459
1.47304
1.88837
1.64541
1.62534
1.35436
1.51743
2.02018
1.87029
1.59451
1.50016
1.76258
1.63335
1.52147
1.21221
1.82807
1.98694
1.25327
1.53216
1.23796
1.89541
1.23488
1.33204
1.31905
1.70681
0.896562
1.92723
1.70242
1.80004
1.68541
1.74261
1.5713
1.28567
1.97281
1.7476
1.70248
1.27644
1.55852
1.59028
1.53525
1.65782
1.64368
1.92316
1.71735
1.3934
1.46941
1.8282
1.81665
1.84671
1.70802
1.81337
1.6601
1.87566
1.14001
1.71401
1.47103
2.04442
1.92509
1.59223
1.68625
1.23496
1.56359
1.37649
1.99739
1.35724
1.6714
1.62512
1.91764
1.7581
1.92776
1.92209
1.44962
1.72312
1.61256
1.63994
1.77812
1.67167
1.54061
0.991209
1.35868
1.34517
1.72159
1.66545
2.00567
1.66678
1.69579
1.81025
1.73951
1.64638
1.62408
1.28348
1.43785
1.53784
1.82409
1.26609
1.8459
1.78131
1.8499
1.23087
1.71169
1.08124
1.55621
1.21771
1.48763
1.53181
1.77757
1.50109
2.03934
1.44864
1.27364
1.74621
1.73004
1.8692
1.85598
1.49614
1.42042
1.78002
1.45852
1.28169
1.89941
1.92816
1.74632
1.10007
1.85236
1.61535
1.37886
1.82101
1.07939
1.93509
1.14214
1.80196
1.33976
1.49156
1.73055
1.58301
1.5115
1.74663
1.94114
1.7256
1.17975
1.72842
1.24575
1.13772
1.41602
1.72872
1.2093
1.58205
1.72542
1.89393
1.49511
1.21821
1.37576
1.39996
1.99353
1.5512
1.76179
1.15505
1.54125
1.76584
1.54715
1.92602
1.89943
1.52168
1.5323
1.7009
1.68774
1.57836
1.95125
1.71347
1.88888
1.10511
1.37678
1.75791
1.74579
1.48272
1.72977
1.39745
1.51421
1.67757
1.55883
1.7788
1.83228
1.79142
1.66448
1.74223
1.77559
1.27083
1.61901
1.34747
1.82612
1.91582
1.84916
1.64905
1.59977
1.6127
1.82649
1.97772
1.84207
1.02717
1.53384
1.62461
1.60149
1.63705
1.59239
1.43132
1.58421
1.63297
1.51312
1.5139
1.55599
2.16823
1.27302
1.61041
1.57925
1.9059
1.54
2.02145
1.79475
1.55382
1.45621
1.83353
2.20477
1.51902
1.16383
2.1132
1.52224
1.63657
1.87367
1.54234
0.672347
1.89688
1.72979
1.14259
1.33753
1.68698
1.70948
1.94505
1.80671
2.17592
0.726184
1.75219
1.14327
1.59447
1.43592
1.93729
2.09082
1.88557
1.949
1.71222
1.65465
1.5177
1.68233
0.806419
1.60655
1.45776
1.89854
1.71004
1.41994
1.24098
0.953397
1.43841
1.7752
1.78109
1.30221
1.49672
2.08862
1.56094
1.80897
1.1264
1.43448
1.87214
1.60301
1.3244
1.62871
1.54874
1.73476
1.36914
1.51774
1.34963
1.90906
1.58588
1.80052
1.8121
1.82916
1.7645
1.28402
1.23855
2.07095
1.88192
1.63114
1.59519
1.77743
1.12192
1.74862
1.98328
1.88376
1.87103
2.03532
1.08204
1.1212
1.52109
1.70257
1.22141
1.60156
1.90058
1.11927
1.45911
1.67901
1.53577
1.92157
1.68516
1.61385
1.75921
1.6746
1.69689
1.61384
1.93819
1.56257
1.69575
1.10526
1.76353
1.96535
1.43353
1.81002
2.02932
1.90084
1.68341
1.86955
1.41029
1.14978
1.82969
1.69741
1.72409
1.7729
1.70933
1.86006
1.90673
1.29643
1.59306
1.73462
1.11955
1.26371
1.71355
1.82495
1.09526
1.83335
1.34102
1.76004
1.65769
1.11387
1.70948
1.47687
1.94321
1.83755
2.0238
1.80147
1.7247
1.88461
1.73121
1.43113
1.56614
1.17183
1.24366
0.787331
1.48805
1.65481
1.707
1.3868
1.9622
2.06817
1.65639
1.67134
1.6675
1.4297
1.56884
1.43837
1.61184
1.67154
1.40965
1.66046
1.44135
1.50845
1.79859
1.92635
1.66141
1.9924
1.52491
1.95185
1.27673
1.434
1.73104
1.7035
1.36382
1.78282
0.7057
1.89814
1.29375
1.22529
1.29603
1.35658
1.50531
1.79839
1.41904
1.5124
1.89135
1.03297
2.0541
1.59927
1.70337
1.81846
1.65181
1.63691
1.71534
1.33301
1.73166
1.51493
1.80941
1.68787
1.99159
1.94323
1.78072
1.56586
1.17798
1.60647
1.22447
1.6389
1.01953
1.38682
1.5782
1.87195
1.73459
1.14931
1.57214
1.5064
1.53607
1.05051
1.65776
1.56387
1.74492
1.68877
1.67744
1.37254
1.85495
1.7196
1.79092
2.18151
1.10248
1.48225
1.48084
1.28569
1.87963
1.68849
1.69372
1.9427
0.865409
1.30256
1.49643
1.18807
1.56566
1.86249
1.55171
2.07467
1.33242
1.31775
1.65989
1.82874
1.31223
1.85876
1.69167
1.6486
1.72576
1.19852
1.43038
1.45718
1.72804
1.74536
1.46029
1.88873
2.013
1.60213
1.71839
1.17881
1.70244
1.80993
1.02782
1.50684
1.83423
1.77262
1.72961
0.996041
1.88799
1.60495
1.77601
2.03671
1.70451
0.798925
1.52324
1.85811
1.45968
1.6091
1.73415
1.37256
1.5408
1.60502
1.67222
1.10024
1.37347
1.52577
1.58159
1.63575
1.51694
2.00057
1.74329
1.35715
1.41064
1.29473
1.67931
1.75169
1.55862
1.81787
1.7316
1.94734
1.61345
1.76053
1.51796
1.35934
1.63539
1.40545
1.73828
1.22998
1.63342
1.72875
1.5375
1.33857
1.73973
1.74992
1.74123
1.85303
1.67222
1.45445
1.71297
1.61675
1.58958
1.49743
1.40583
1.54378
1.86739
1.48806
1.35834
1.58385
1.83885
1.94267
1.50597
1.70755
1.49864
1.83374
1.50089
1.22276
1.92111
1.45003
1.55135
1.79747
1.62984
1.41037
1.50465
1.87107
1.76652
1.43684
1.15434
1.63641
1.6241
0.906797
0.985295
1.6474
1.33313
1.92686
1.72451
1.50616
1.35258
1.11537
1.28361
1.49259
1.52945
1.91945
1.79091
1.49843
1.54857
2.01167
1.70695
1.65426
1.60634
1.49518
1.65033
1.92033
1.9032
1.5639
1.56922
2.12152
1.00708
1.97846
1.73431
1.82164
1.86387
1.24773
1.53232
1.35443
1.18845
1.43001
1.54397
1.65502
1.50885
1.82537
1.55315
1.59676
1.79633
1.27931
1.62626
1.70952
2.10365
1.76715
0.732464
1.85852
1.66105
1.60845
1.90703
1.67448
1.65688
1.07548
2.15088
1.59408
1.8946
1.58828
1.65609
2.00648
1.25267
1.47768
1.28842
1.71675
1.42336
1.50874
1.56285
2.12268
1.61546
1.52827
1.52846
1.71237
1.40351
1.82272
1.60864
1.63941
1.59298
1.62083
1.26342
1.75815
1.70017
1.92268
1.61112
1.96004
1.73363
1.68976
1.642
1.80015
1.59682
1.57009
1.67259
1.72304
1.27342
1.42777
1.75457
1.69485
1.59578
1.8226
1.43528
1.57381
1.36747
1.14363
1.33412
1.40342
1.29772
1.56419
1.79811
1.52164
1.33507
1.29681
1.24532
1.71584
1.66124
1.72459
1.54951
1.71797
1.27182
1.7024
1.97422
2.03987
1.35733
1.48105
1.22828
1.58618
1.53637
1.496
1.78705
1.83707
1.67938
1.84639
1.84706
1.76299
1.42645
1.86945
1.66643
2.04898
1.38842
1.41218
1.24816
1.07592
1.62897
1.80735
1.47247
1.59517
1.68649
1.47271
1.94882
1.17653
1.95119
1.5911
1.35274
1.54421
1.93892
1.57896
1.79174
1.19338
1.73549
1.40455
1.82427
1.28049
1.76958
1.70898
1.60885
1.59197
1.75447
1.29543
1.51521
1.5708
1.61419
1.76083
1.56317
1.86191
1.76624
1.34696
1.39845
1.79188
1.6754
0.917445
1.74962
1.7954
1.47389
1.69066
1.86488
1.36774
1.32115
1.66507
1.67038
1.42271
1.4804
1.40795
1.23042
1.75952
1.95157
0.980455
1.46916
1.58911
1.48838
1.17467
1.58634
1.63581
1.89829
1.49693
1.22002
1.56245
1.5946
1.30763
1.64426
1.75007
1.69653
1.62438
1.51314
1.73954
1.6303
1.96083
0.800228
1.8107
2.00695
1.87911
1.58268
1.30281
1.76751
1.52579
1.29983
1.66251
1.49399
1.68617
1.35847
1.54427
1.32716
1.48852
1.2399
1.66976
1.42765
1.37539
1.50331
1.80999
1.68243
1.46215
1.16023
1.43795
1.5481
1.43995
1.64182
1.48962
2.04342
1.76105
1.6064
0.952591
1.71124
1.4195
1.79725
1.22461
1.5811
1.51961
2.06869
1.92004
1.78379
1.12533
2.02909
1.81589
1.28938
1.88197
1.65976
1.58238
1.75643
1.54385
1.29196
1.56222
1.82834
1.81362
1.08485
1.79439
1.37967
1.50189
1.5247
1.7406
1.63039
1.68651
1.53523
1.77868
1.85927
1.87787
1.89134
1.82227
1.34959
2.01413
1.59137
2.02464
1.65489
1.51497
1.81264
1.71577
1.65076
1.60341
1.81829
1.71467
1.94039
0.967952
0.977083
1.53938
1.48067
1.78975
1.84512
1.70211
1.64614
1.04427
1.86356
1.35771
1.96848
1.90854
1.22728
1.77846
1.47877
1.82697
1.82688
1.86428
1.47699
1.48725
1.50577
1.33903
1.54089
1.65318
1.68876
1.85849
1.61504
1.38269
1.62944
1.42791
1.13692
1.27517
1.22167
1.44764
1.16419
1.61519
1.81317
1.55048
1.89959
1.45725
1.5758
2.05609
1.82063
1.77356
1.83151
1.96205
1.91853
1.67112
2.04673
1.57264
1.91234
2.07079
1.88001
2.13744
1.8176
1.42534
1.20107
1.84706
1.67315
1.83969
2.02769
1.53906
1.5624
1.78773
1.66611
1.66999
1.28846
1.85151
1.48962
1.35491
1.62722
1.60637
1.64041
1.22425
1.45204
1.79551
1.18495
1.27182
1.77316
1.60341
1.45988
1.83151
1.4882
1.47717
1.12856
2.00328
1.80437
1.65936
1.55955
1.64208
1.45162
1.91814
1.89256
1.49528
1.02884
1.58513
1.71819
1.93685
1.38093
1.87133
1.67135
1.81458
1.62407
1.63332
1.45337
1.941
1.79166
1.22814
1.40013
1.38361
1.74495
1.76496
1.62786
2.00923
0.98995
1.68261
0.997835
1.79443
2.08783
1.31603
1.36452
1.72608
1.77627
1.74355
1.7894
1.60481
1.65089
1.8771
1.77461
1.79806
0.78901
1.47294
1.67961
1.87131
1.80699
1.42449
1.53133
1.24275
1.69391
1.89911
1.2291
1.62892
1.29774
1.95526
1.55852
1.97669
1.55264
1.10978
1.66295
1.23453
1.38118
1.68185
1.93977
1.77115
1.69684
1.3825
1.56915
0.582589
1.88191
1.67347
1.38151
1.54445
1.21969
1.47951
1.45801
1.46998
1.05847
1.77816
1.42531
1.33188
1.4929
1.49738
1.56383
1.27584
1.77665
1.4497
1.28006
1.42952
1.72132
1.59771
1.46553
1.65618
1.81657
1.93867
1.55549
1.46271
1.37265
1.46183
1.20499
2.05672
1.31378
1.9854
1.25906
1.88597
1.2325
1.54119
1.46741
1.35477
1.35325
1.83304
2.08855
1.91053
1.65503
1.66553
1.86117
1.36318
1.91239
1.92336
1.3488
1.61112
1.79613
0.8352
1.55847
1.80598
1.7557
1.81668
1.60538
1.41594
1.29906
1.62217
1.44984
0.920826
1.99223
1.72777
1.73309
1.78447
1.63987
1.8187
1.58278
1.4905
1.6209
2.08371
1.64181
1.35165
2.13753
1.72781
1.79392
1.61443
1.67117
1.59141
1.40953
1.48231
1.61423
1.29667
1.32963
1.2038
1.45908
1.02708
1.61585
1.22189
1.53531
1.5047
1.89855
1.29431
1.33788
1.58401
1.37502
1.52893
1.50325
1.35098
1.84659
1.92928
1.73309
1.5967
0.973964
1.45807
1.33994
1.25609
1.56786
0.890798
1.71847
1.57896
1.22156
1.66561
1.82109
1.77817
1.57346
1.78546
1.69649
1.47322
1.71378
1.62273
0.957681
1.9439
1.66339
1.79276
1.26445
1.82035
1.45814
1.79287
1.65573
1.6261
1.76515
1.91811
1.85637
1.78076
1.71876
1.62881
1.28098
1.61859
1.03342
1.76369
1.98044
1.72582
1.36011
1.70148
1.54032
1.54109
1.80958
1.80523
1.80184
1.3739
1.65836
1.55004
0.962682
1.51957
1.4277
2.05008
1.91181
1.47382
1.64466
1.06779
2.09394
1.74797
1.61255
1.79082
1.94373
1.38211
1.52047
1.64285
1.89889
1.85134
1.51903
1.31605
1.41559
1.68669
1.61707
0.900974
1.18426
1.77044
1.66838
1.44805
1.66443
1.54046
1.59391
1.02838
1.33932
1.24811
0.961607
1.81114
1.79093
1.43317
1.55026
1.04811
1.44812
1.67434
1.42196
1.53256
1.14454
1.71817
1.47642
1.6407
1.9001
2.13589
1.6265
1.80883
1.93585
1.59129
1.13461
1.54736
1.51205
1.81219
1.3901
1.86493
1.22368
1.80784
1.94411
1.38903
1.35733
0.992027
2.05123
1.70108
1.57736
1.88954
0.898635
2.03906
1.42347
1.53832
1.34983
1.38533
1.71116
1.57722
2.26111
1.71505
1.5799
1.26111
1.98675
1.52591
1.56691
1.75436
1.59548
1.54195
1.84953
1.85534
1.39337
1.79714
1.70789
0.948317
2.04994
1.70314
1.39076
1.59586
1.69117
1.94795
1.29204
1.32155
1.51671
1.66224
1.70873
1.50031
1.33368
1.02005
1.44476
1.67267
2.20285
1.53904
1.34883
1.61104
1.62782
1.48195
1.61478
1.42889
1.25889
1.53807
1.6227
1.53726
1.72262
1.29668
1.31904
0.909273
1.87512
1.83182
1.71008
1.46962
1.94641
1.80663
1.47843
1.63808
1.20128
1.63226
1.77854
1.66627
1.27869
1.54766
1.39971
1.61898
1.54106
1.78339
1.30439
1.32537
1.73913
1.62074
1.38569
0.796721
1.88664
1.48068
2.04216
1.52413
1.88494
1.37887
1.94623
1.75277
0.865235
1.3351
1.51335
1.75776
1.8177
2.02302
1.57152
1.90602
1.27325
1.79504
1.60602
1.69625
1.97787
1.62154
1.80053
1.90394
1.47251
1.08937
1.88298
1.52238
1.84486
1.46918
