Genomic Distance,Column1,10th,11th,12th,13th,14th,15th,16th,17th,18th,this work- Trajectories,2nd,3rd,4th,5th,6th,7th,8th,9th,avee
13,13000,0.1,0.1,0.1,0.1,0.1,0.1,0.1,0.1,0.1,0.1,0.1,0.1,0.1,0.1,0.1,0.1,0.1,0.1,0.1
118,118020,0.22374,0.219615,0.22033,0.222382,0.218942,0.218595,0.227032,0.219274,0.225092,0.21973,0.220942,0.222868,0.221184,0.22317,0.220362,0.21841,0.219281,0.222502,0.221302833
236,236040,0.32564,0.321705,0.310411,0.321766,0.310955,0.322865,0.322794,0.311936,0.325928,0.317425,0.307653,0.320305,0.325872,0.314309,0.313719,0.310787,0.318697,0.323735,0.318139
354,354060,0.402665,0.404949,0.386198,0.402,0.386473,0.408955,0.40004,0.384566,0.402055,0.39459,0.385809,0.400308,0.410948,0.38794,0.389971,0.385901,0.40784,0.408095,0.3971835
472,472080,0.470178,0.480287,0.452401,0.476133,0.450724,0.483882,0.467039,0.448583,0.465565,0.461929,0.453612,0.46832,0.477265,0.441752,0.454996,0.446391,0.487986,0.476559,0.464644556
590,590100,0.530756,0.544978,0.511584,0.534489,0.505997,0.543534,0.526975,0.509389,0.513145,0.524554,0.510341,0.524408,0.532129,0.490246,0.514424,0.48892,0.558171,0.536914,0.522275222
708,708120,0.585861,0.610997,0.563296,0.590111,0.557427,0.597292,0.579143,0.561812,0.548912,0.581643,0.5622,0.578774,0.581457,0.533303,0.563497,0.530247,0.614606,0.59675,0.574296
826,826140,0.635365,0.670009,0.609829,0.637788,0.60272,0.64703,0.623831,0.605941,0.582019,0.632273,0.611084,0.627885,0.627819,0.568803,0.607507,0.571004,0.666369,0.653186,0.621136778
944,944160,0.677838,0.720838,0.651551,0.686056,0.639644,0.690582,0.667375,0.644603,0.607962,0.672599,0.655012,0.676097,0.670375,0.601764,0.643801,0.610499,0.712481,0.702433,0.662861667
"1,062",1062180,0.716929,0.767919,0.686964,0.729949,0.67563,0.728716,0.71423,0.679968,0.634447,0.703838,0.69464,0.722824,0.709843,0.638358,0.682187,0.650185,0.757281,0.750407,0.702461944
"1,180",1180200,0.751553,0.812572,0.721542,0.770057,0.714074,0.764673,0.754826,0.707549,0.659663,0.725437,0.734653,0.759972,0.74772,0.67196,0.714778,0.682238,0.797727,0.794639,0.738090722
"1,298",1298220,0.780084,0.857063,0.756271,0.805701,0.753796,0.799051,0.793439,0.732143,0.676169,0.746579,0.772349,0.791213,0.781901,0.701145,0.746338,0.709926,0.836838,0.834998,0.770833556
"1,416",1416240,0.808686,0.897484,0.787963,0.837453,0.791142,0.830718,0.83072,0.755195,0.696401,0.764922,0.804961,0.81722,0.812603,0.731583,0.777881,0.740185,0.878334,0.872722,0.802009611
"1,534",1534260,0.83893,0.937005,0.81322,0.865601,0.822928,0.86027,0.864167,0.775655,0.719724,0.784279,0.831414,0.841615,0.839259,0.760126,0.804661,0.769258,0.915912,0.90603,0.830558556
"1,652",1652280,0.8704,0.970593,0.835751,0.889523,0.855785,0.891346,0.892527,0.793323,0.742921,0.802622,0.857807,0.869725,0.867326,0.781715,0.828705,0.798134,0.953423,0.939477,0.857839056
"1,770",1770300,0.903776,1.00229,0.853634,0.9114,0.883816,0.919443,0.921259,0.810007,0.763094,0.823857,0.881423,0.896936,0.893592,0.802981,0.848702,0.821436,0.990487,0.972856,0.883388278
"1,888",1888320,0.937058,1.03131,0.870848,0.933848,0.910775,0.944374,0.944924,0.827268,0.781088,0.842211,0.903267,0.923507,0.919691,0.825081,0.867619,0.841472,1.02724,1.00727,0.907713944
"2,006",2006340,0.968807,1.06257,0.883492,0.953362,0.936332,0.97156,0.961685,0.845776,0.801018,0.859624,0.921353,0.950655,0.944408,0.850308,0.887353,0.85749,1.06692,1.03826,0.931165167
"2,124",2124360,0.993115,1.09497,0.892871,0.972213,0.962015,1.00121,0.977769,0.862682,0.817423,0.876815,0.939758,0.974579,0.964469,0.87748,0.908581,0.873507,1.1088,1.06786,0.953673167
"2,242",2242380,1.02053,1.12413,0.901687,0.986592,0.984744,1.03047,0.988919,0.875775,0.831172,0.893106,0.955689,0.993255,0.980263,0.905262,0.932797,0.890483,1.14895,1.09485,0.974370778
"2,360",2360400,1.05256,1.15221,0.913199,0.998649,1.00535,1.05747,1.00383,0.888472,0.843203,0.908353,0.970315,1.00905,0.992896,0.931068,0.956144,0.909851,1.18856,1.11966,0.994491111
"2,478",2478420,1.08397,1.17688,0.92593,1.00803,1.02544,1.08524,1.01569,0.902475,0.85784,0.920638,0.98326,1.02369,1.00084,0.954222,0.972986,0.933198,1.22517,1.14262,1.013228833
"2,596",2596440,1.11739,1.19968,0.939882,1.01249,1.04651,1.10816,1.02467,0.913955,0.86936,0.928879,0.99466,1.03507,1.01043,0.972419,0.992779,0.958871,1.25634,1.15723,1.029931944
"2,714",2714460,1.15049,1.22136,0.952938,1.01828,1.07029,1.12957,1.03082,0.923973,0.880369,0.939182,1.00614,1.04779,1.018,0.987868,1.01279,0.986035,1.28209,1.1685,1.045915833
"2,832",2832480,1.18442,1.24072,0.967689,1.02313,1.09314,1.14858,1.0361,0.932118,0.890407,0.946292,1.0203,1.05932,1.02668,1.00049,1.03613,1.01349,1.30318,1.17358,1.060875889
"2,951",2950500,1.21845,1.26111,0.984931,1.02959,1.11523,1.16692,1.03956,0.940336,0.901005,0.954009,1.03416,1.07048,1.03572,1.01501,1.05938,1.03886,1.32054,1.17844,1.075762833
"3,069",3068520,1.25256,1.28172,1.00242,1.03682,1.14116,1.18826,1.04139,0.947587,0.909399,0.964132,1.04549,1.08108,1.04769,1.03003,1.08084,1.06006,1.33178,1.17921,1.090090444
"3,187",3186540,1.28195,1.30141,1.02435,1.04644,1.16858,1.2076,1.04682,0.957839,0.917608,0.972287,1.05815,1.09079,1.06062,1.04759,1.10243,1.07983,1.34365,1.18159,1.104974111
"3,305",3304560,1.31025,1.31922,1.04666,1.05931,1.19752,1.22903,1.05471,0.970105,0.924592,0.981256,1.0689,1.10024,1.07256,1.06873,1.12082,1.09724,1.35724,1.18631,1.120260722
"3,423",3422580,1.33399,1.33308,1.06835,1.07597,1.22342,1.24742,1.06355,0.980157,0.939107,0.987145,1.07682,1.10846,1.08308,1.08934,1.13404,1.11532,1.36782,1.18562,1.134038278
"3,541",3540600,1.35738,1.34623,1.08393,1.09335,1.24693,1.26587,1.07033,0.987698,0.952339,0.989398,1.08461,1.11606,1.08903,1.10826,1.14729,1.13275,1.37722,1.1831,1.146209722
"3,659",3658620,1.38261,1.36114,1.0975,1.11425,1.27102,1.28413,1.07738,0.995209,0.967214,0.991492,1.09419,1.12095,1.09224,1.1279,1.16063,1.14791,1.38802,1.18001,1.158544167
"3,777",3776640,1.40859,1.37689,1.11066,1.13892,1.29306,1.30207,1.08524,1.00269,0.979962,0.996603,1.10459,1.12419,1.09234,1.1426,1.17353,1.16145,1.39818,1.17648,1.170446944
"3,895",3894660,1.43121,1.39294,1.12148,1.16416,1.31435,1.31861,1.09255,1.00846,0.98853,1.00151,1.11414,1.12847,1.0877,1.15239,1.18593,1.1718,1.41017,1.1694,1.180766667
"4,013",4012680,1.45362,1.40834,1.12964,1.18825,1.33663,1.33446,1.09807,1.01484,0.995536,1.00785,1.1199,1.13348,1.08055,1.16423,1.19542,1.17885,1.42065,1.16009,1.190022556
"4,131",4130700,1.47545,1.41919,1.1376,1.20962,1.35799,1.35102,1.10453,1.0191,0.998708,1.01632,1.12593,1.13587,1.07198,1.17982,1.20342,1.18776,1.43274,1.14961,1.198703222
"4,249",4248720,1.49401,1.42695,1.14155,1.22741,1.3792,1.36724,1.11059,1.02278,0.997175,1.02461,1.13002,1.13993,1.06154,1.19877,1.21106,1.19667,1.44344,1.14144,1.206354722
"4,367",4366740,1.5085,1.43445,1.14657,1.24234,1.39541,1.38409,1.11933,1.02228,0.994378,1.03502,1.13693,1.14491,1.0495,1.2169,1.21677,1.20357,1.45137,1.13016,1.212915444
"4,485",4484760,1.52177,1.44107,1.15252,1.25172,1.41124,1.40092,1.12223,1.02037,0.994726,1.04797,1.14331,1.15166,1.03954,1.2338,1.2278,1.2108,1.45801,1.11972,1.219398667
"4,603",4602780,1.53879,1.44584,1.15738,1.25743,1.42718,1.41724,1.12251,1.01764,0.994171,1.06115,1.14868,1.16176,1.02725,1.24899,1.23853,1.21771,1.46052,1.10833,1.225061167
"4,721",4720800,1.5525,1.44796,1.15946,1.2608,1.43986,1.43261,1.12053,1.01327,0.99428,1.07208,1.15526,1.17433,1.01453,1.26126,1.2491,1.22338,1.46262,1.09725,1.229504444
"4,839",4838820,1.56494,1.45083,1.16508,1.25984,1.44812,1.44759,1.12619,1.00926,0.991124,1.0803,1.1631,1.18868,1.00427,1.27413,1.25837,1.23248,1.4635,1.08714,1.234163556
"4,957",4956840,1.57752,1.45464,1.16963,1.25658,1.45389,1.46165,1.13125,1.00984,0.985841,1.09042,1.17001,1.20267,0.999551,1.29054,1.26718,1.24083,1.46112,1.08134,1.239139
"5,075",5074860,1.59183,1.45397,1.1727,1.25254,1.45908,1.47239,1.13745,1.01146,0.986401,1.10071,1.17605,1.21464,0.998228,1.31254,1.2719,1.24762,1.46005,1.07706,1.244256611
"5,193",5192880,1.60664,1.44975,1.17497,1.25012,1.46428,1.48148,1.14182,1.01263,0.984341,1.11005,1.1805,1.22494,0.998171,1.33943,1.27652,1.2498,1.45864,1.07669,1.248931778
"5,311",5310900,1.62166,1.4442,1.1797,1.24762,1.46756,1.49077,1.14499,1.01604,0.986068,1.12015,1.1842,1.23217,1.00224,1.36304,1.27846,1.25089,1.45801,1.07888,1.253702667
"5,429",5428920,1.63604,1.44144,1.18567,1.24645,1.46851,1.49818,1.14793,1.02124,0.986294,1.12947,1.18491,1.23843,1.00659,1.38411,1.27904,1.25259,1.45492,1.08136,1.257954111
"5,547",5546940,1.65026,1.43686,1.19561,1.24677,1.46949,1.50597,1.15387,1.02618,0.98346,1.14135,1.18463,1.24443,1.01116,1.402,1.27603,1.25463,1.45161,1.08711,1.262301111
"5,665",5664960,1.6594,1.43313,1.20587,1.24254,1.47317,1.51541,1.1598,1.02947,0.983564,1.15425,1.18445,1.2466,1.01676,1.41748,1.27022,1.2576,1.44828,1.098,1.266444111
"5,783",5782980,1.66682,1.42684,1.21488,1.23862,1.47982,1.52939,1.15991,1.03088,0.987607,1.16537,1.18357,1.24529,1.02388,1.42739,1.26239,1.25969,1.4428,1.10946,1.269700389
"5,901",5901000,1.67293,1.41811,1.22598,1.23475,1.48967,1.54545,1.15698,1.03537,0.994333,1.17492,1.18269,1.24614,1.03739,1.43744,1.25459,1.26159,1.43605,1.12301,1.273744056
"6,019",6019020,1.67438,1.40969,1.23885,1.23149,1.50101,1.56297,1.15841,1.04147,1.00672,1.18572,1.18099,1.24751,1.05165,1.44597,1.24729,1.26422,1.43059,1.13973,1.278814444
"6,137",6137040,1.67157,1.39952,1.25361,1.23265,1.5109,1.58234,1.162,1.04717,1.01993,1.1955,1.17875,1.2525,1.06653,1.45602,1.24257,1.27009,1.42443,1.15695,1.284612778
"6,255",6255060,1.66807,1.38986,1.26353,1.23667,1.52052,1.59948,1.16497,1.05149,1.0339,1.20639,1.17355,1.26233,1.08154,1.46583,1.23904,1.27417,1.41812,1.17482,1.290237778
"6,373",6373080,1.66123,1.37838,1.27107,1.24298,1.52631,1.61521,1.1708,1.05686,1.04648,1.21895,1.16804,1.27508,1.09475,1.47948,1.23605,1.27712,1.41148,1.19386,1.295785
"6,491",6491100,1.6542,1.3662,1.27914,1.25434,1.53158,1.63091,1.17601,1.06451,1.05659,1.23216,1.16291,1.29142,1.10702,1.49309,1.23287,1.27978,1.40255,1.21364,1.301606667
"6,609",6609120,1.64689,1.35523,1.28566,1.26568,1.54122,1.6445,1.18429,1.07211,1.06391,1.24685,1.15795,1.3044,1.12069,1.50471,1.22876,1.28288,1.39088,1.23583,1.307357778
"6,727",6727140,1.64051,1.34703,1.29472,1.27963,1.54872,1.65854,1.19076,1.08528,1.07297,1.26125,1.15418,1.31678,1.12981,1.51235,1.22732,1.28188,1.37931,1.25778,1.313267778
"6,845",6845160,1.63494,1.34288,1.30263,1.29681,1.55567,1.6741,1.20019,1.09616,1.08088,1.27311,1.15369,1.32898,1.13692,1.51551,1.22582,1.28163,1.37027,1.27718,1.319298333
"6,963",6963180,1.62928,1.33719,1.30698,1.31174,1.56161,1.68774,1.20933,1.10459,1.08601,1.28301,1.15901,1.33592,1.14435,1.51318,1.22559,1.28452,1.36504,1.29735,1.32458
"7,081",7081200,1.62341,1.32586,1.30961,1.32793,1.56613,1.69925,1.21725,1.11798,1.0908,1.29497,1.16515,1.34192,1.15249,1.51382,1.22249,1.28683,1.36414,1.31535,1.329743333
"7,199",7199220,1.61903,1.31392,1.31505,1.34131,1.57248,1.71257,1.22441,1.12968,1.0937,1.30809,1.17094,1.34669,1.16074,1.51378,1.22278,1.28988,1.3654,1.33363,1.335226667
"7,317",7317240,1.61416,1.30061,1.32233,1.35472,1.57525,1.72495,1.23375,1.13629,1.09562,1.3196,1.17819,1.35031,1.16808,1.51291,1.2224,1.2928,1.36584,1.35018,1.339888333
"7,435",7435260,1.60961,1.28483,1.33122,1.3692,1.57267,1.73519,1.24443,1.143,1.09593,1.32649,1.18624,1.35371,1.17758,1.51171,1.22525,1.29463,1.3684,1.36328,1.344076111
"7,553",7553280,1.60733,1.27027,1.33994,1.38388,1.57067,1.74532,1.25432,1.15011,1.09451,1.33257,1.19553,1.36017,1.1879,1.50727,1.22985,1.29857,1.37374,1.37382,1.348653889
"7,671",7671300,1.60356,1.2534,1.34572,1.39612,1.57037,1.75247,1.26168,1.15502,1.0939,1.33729,1.20309,1.36397,1.1941,1.50082,1.23485,1.30241,1.37752,1.37748,1.351320556
"7,789",7789320,1.59958,1.23358,1.35406,1.40466,1.57365,1.75716,1.27113,1.16091,1.09611,1.34454,1.21395,1.36853,1.19849,1.48915,1.23962,1.30405,1.37928,1.38098,1.353857222
"7,907",7907340,1.5949,1.21456,1.36239,1.41398,1.57578,1.75713,1.28431,1.16745,1.09893,1.35011,1.22813,1.37025,1.19855,1.47878,1.24232,1.30535,1.38269,1.38268,1.356016111
"8,025",8025360,1.59283,1.19497,1.36867,1.42252,1.58066,1.75391,1.29729,1.17188,1.10319,1.35784,1.23847,1.37201,1.19735,1.47121,1.25096,1.30548,1.38747,1.38511,1.358434444
"8,143",8143380,1.58717,1.17874,1.37665,1.42679,1.58677,1.74792,1.30658,1.17639,1.11083,1.36901,1.24697,1.37853,1.19479,1.46746,1.26332,1.30657,1.38736,1.39227,1.36134
"8,261",8261400,1.58108,1.16339,1.3866,1.42912,1.59192,1.74386,1.31564,1.18319,1.12318,1.38343,1.2525,1.38783,1.1921,1.46741,1.27567,1.31293,1.38929,1.39702,1.365342222
"8,379",8379420,1.57608,1.14826,1.3939,1.433,1.60025,1.74105,1.3276,1.19365,1.14389,1.3987,1.2591,1.40053,1.19397,1.46811,1.28809,1.31673,1.38818,1.40188,1.370720556
"8,497",8497440,1.57135,1.13672,1.40141,1.43682,1.60984,1.7402,1.34367,1.20671,1.16263,1.41415,1.26425,1.41284,1.1987,1.46946,1.29766,1.31651,1.3842,1.40418,1.376183333
"8,615",8615460,1.56715,1.12855,1.40959,1.44117,1.61876,1.73968,1.3593,1.22237,1.18151,1.42744,1.26737,1.42776,1.20766,1.46953,1.30906,1.3161,1.3758,1.40592,1.381928889
"8,733",8733480,1.56211,1.12019,1.41966,1.4483,1.62428,1.74279,1.37291,1.23679,1.19964,1.43741,1.26958,1.44565,1.21646,1.46619,1.31793,1.32154,1.36631,1.40666,1.387466667
"8,852",8851500,1.5562,1.11534,1.43249,1.45679,1.62725,1.74927,1.38244,1.25336,1.21685,1.44629,1.26935,1.46437,1.22358,1.46066,1.32425,1.33444,1.35409,1.4128,1.393323333
"8,970",8969520,1.55063,1.11293,1.44577,1.46603,1.63539,1.75721,1.38955,1.27035,1.23443,1.45673,1.26848,1.48607,1.22927,1.4562,1.33209,1.35204,1.34145,1.41986,1.400248889
"9,088",9087540,1.54633,1.11439,1.46042,1.47497,1.64487,1.76302,1.39938,1.28375,1.25405,1.46746,1.26487,1.5088,1.23433,1.45454,1.34174,1.36815,1.3308,1.42766,1.407751667
"9,206",9205560,1.54128,1.12175,1.47292,1.48186,1.65672,1.77031,1.40689,1.29515,1.27532,1.47808,1.26593,1.53324,1.23818,1.45247,1.35609,1.38155,1.32384,1.43442,1.415888889
"9,324",9323580,1.53639,1.13098,1.48148,1.48919,1.67281,1.77946,1.41307,1.30494,1.29421,1.49146,1.26656,1.55988,1.23982,1.45187,1.37165,1.39413,1.31766,1.44205,1.424311667
"9,442",9441600,1.53656,1.13561,1.48092,1.50078,1.6879,1.78652,1.41806,1.31619,1.31029,1.50443,1.26679,1.58528,1.24274,1.45419,1.3864,1.40078,1.31367,1.44588,1.431832778
"9,560",9559620,1.53452,1.13961,1.48055,1.51197,1.70582,1.79539,1.4213,1.3297,1.32599,1.5194,1.27244,1.6097,1.24395,1.45359,1.4004,1.41078,1.30814,1.44768,1.439496111
"9,678",9677640,1.53172,1.14021,1.47914,1.52815,1.72345,1.80655,1.42094,1.34139,1.34137,1.53791,1.28178,1.63218,1.24233,1.4505,1.41409,1.42166,1.30257,1.4475,1.446857778
"9,796",9795660,1.53103,1.13708,1.47814,1.54678,1.74228,1.81569,1.41851,1.35049,1.35826,1.55647,1.28807,1.65161,1.23479,1.44918,1.42595,1.43347,1.30013,1.44796,1.453660556
"9,914",9913680,1.53018,1.13479,1.47388,1.56742,1.75797,1.82179,1.41637,1.3627,1.37372,1.57475,1.29281,1.66931,1.22818,1.4483,1.43422,1.44593,1.29834,1.44544,1.459783333
"10,032",10031700,1.53007,1.13328,1.47173,1.58992,1.77171,1.82698,1.41436,1.3767,1.39259,1.59298,1.30015,1.68447,1.22272,1.44644,1.44245,1.45601,1.3005,1.43857,1.466201667
"10,150",10149700,1.53077,1.13172,1.46831,1.61201,1.78353,1.83241,1.41001,1.3905,1.41528,1.60996,1.30684,1.69839,1.22376,1.44472,1.45006,1.46723,1.30319,1.42893,1.472645556
"10,268",10267700,1.53406,1.12875,1.46981,1.63278,1.79116,1.83666,1.40835,1.40718,1.4368,1.62735,1.31427,1.71116,1.22706,1.44745,1.45202,1.47984,1.30618,1.41576,1.479257778
"10,386",10385800,1.53878,1.12771,1.47274,1.65421,1.8013,1.8444,1.40702,1.42584,1.45261,1.64163,1.32452,1.7254,1.22697,1.44633,1.4544,1.48976,1.30652,1.40352,1.485758889
"10,504",10503800,1.54319,1.12913,1.47708,1.67682,1.81218,1.85348,1.40855,1.44479,1.46509,1.65609,1.3391,1.74033,1.22824,1.44495,1.45733,1.49848,1.3051,1.39414,1.493003889
"10,622",10621800,1.54652,1.13058,1.4818,1.69924,1.82449,1.8627,1.41105,1.46307,1.47719,1.67176,1.35418,1.75524,1.22812,1.44214,1.46154,1.50746,1.30499,1.381,1.500170556
"10,740",10739800,1.55035,1.13137,1.48624,1.71926,1.83804,1.87439,1.41673,1.47857,1.4894,1.68971,1.3702,1.77072,1.22768,1.43999,1.46413,1.51854,1.30751,1.36985,1.507926667
"10,858",10857800,1.54996,1.13324,1.49369,1.73702,1.85734,1.8861,1.42346,1.49667,1.50011,1.70776,1.38713,1.78582,1.22947,1.43465,1.46672,1.533,1.31102,1.35167,1.515823889
"10,976",10975900,1.54793,1.14313,1.50297,1.7526,1.87722,1.89379,1.42815,1.51279,1.51254,1.73034,1.40113,1.80426,1.23588,1.43307,1.47383,1.54446,1.31675,1.33298,1.524656667
"11,094",11093900,1.5434,1.15546,1.51201,1.76149,1.90129,1.90275,1.43694,1.52824,1.52997,1.75301,1.41157,1.82342,1.24831,1.43239,1.48421,1.55241,1.32029,1.31486,1.534001111
"11,212",11211900,1.54089,1.16862,1.51911,1.76964,1.92594,1.9129,1.44942,1.54157,1.54668,1.77554,1.42185,1.84181,1.26095,1.43162,1.49814,1.56091,1.32315,1.29982,1.543808889
"11,330",11329900,1.5402,1.18609,1.52545,1.77814,1.94792,1.92446,1.4664,1.55343,1.56342,1.79734,1.43336,1.85521,1.27685,1.42838,1.52019,1.5708,1.32252,1.28344,1.554088889
"11,448",11447900,1.53577,1.20334,1.53631,1.78641,1.9678,1.93618,1.48966,1.56228,1.57918,1.81905,1.44623,1.8703,1.29269,1.42553,1.54267,1.58245,1.31959,1.2636,1.564391111
"11,566",11566000,1.5295,1.22266,1.54054,1.79641,1.98901,1.94822,1.51929,1.57082,1.58992,1.84125,1.4604,1.88369,1.30916,1.4229,1.56569,1.59676,1.31529,1.24562,1.574840556
"11,684",11684000,1.52385,1.24176,1.54294,1.80948,2.00841,1.96077,1.55559,1.5795,1.60014,1.865,1.47441,1.89513,1.3277,1.41845,1.58806,1.61485,1.31521,1.22278,1.585779444
"11,802",11802000,1.51447,1.25946,1.54662,1.82017,2.02435,1.97868,1.59381,1.58361,1.60767,1.8853,1.48881,1.90814,1.3477,1.41657,1.60822,1.62902,1.31072,1.20338,1.595927778
"11,920",11920000,1.50428,1.2752,1.54899,1.83085,2.03555,1.99709,1.63103,1.59005,1.6093,1.90224,1.50367,1.91915,1.36904,1.41735,1.62523,1.64438,1.30869,1.19229,1.605798889
"12,038",12038000,1.49291,1.29485,1.55305,1.83907,2.04874,2.01541,1.67051,1.59821,1.61124,1.9187,1.51797,1.9272,1.39137,1.41767,1.64482,1.66363,1.31041,1.18818,1.616885556
"12,156",12156100,1.47924,1.31864,1.55548,1.84537,2.06404,2.03387,1.70632,1.60409,1.61276,1.9347,1.52907,1.93463,1.41233,1.42208,1.65722,1.67981,1.31468,1.18206,1.627021667
"12,274",12274100,1.46989,1.34345,1.5563,1.85067,2.08003,2.05331,1.74167,1.6081,1.61479,1.95101,1.54021,1.94201,1.42985,1.42744,1.66849,1.69775,1.32375,1.17788,1.637588889
"12,392",12392100,1.45871,1.36743,1.55562,1.84749,2.09562,2.07492,1.7676,1.61148,1.62031,1.96258,1.55005,1.94911,1.45014,1.43337,1.6751,1.71815,1.33131,1.17237,1.646742222
"12,510",12510100,1.45375,1.39148,1.56078,1.84795,2.1073,2.09895,1.79335,1.61454,1.62486,1.9731,1.5652,1.96431,1.46873,1.4369,1.68397,1.73614,1.34043,1.16915,1.657271667
"12,628",12628100,1.45269,1.41752,1.56973,1.85093,2.12071,2.12576,1.82068,1.61891,1.63097,1.98311,1.57796,1.98023,1.48654,1.4347,1.69634,1.75567,1.34869,1.16442,1.668642222
"12,746",12746200,1.44853,1.44685,1.58017,1.85756,2.13325,2.15466,1.8496,1.62876,1.63513,1.99509,1.59235,1.99665,1.50167,1.43491,1.70988,1.77843,1.3525,1.16229,1.681015556
"12,864",12864200,1.44688,1.47978,1.59106,1.86593,2.14616,2.18144,1.87771,1.63456,1.63839,2.00391,1.60632,2.01712,1.51396,1.43783,1.71897,1.802,1.35959,1.16061,1.693456667
"12,982",12982200,1.44525,1.51312,1.60368,1.87769,2.15758,2.20846,1.90566,1.64218,1.64016,2.01086,1.61583,2.04058,1.52202,1.44805,1.72948,1.82866,1.37263,1.15929,1.706732222
"13,100",13100200,1.44036,1.54815,1.61748,1.88846,2.16582,2.23419,1.93203,1.6495,1.64225,2.0124,1.62613,2.06324,1.52894,1.45919,1.73906,1.85527,1.38916,1.16118,1.719600556
"13,218",13218200,1.42937,1.58077,1.63445,1.89961,2.17607,2.25931,1.9585,1.65903,1.64356,2.01248,1.6345,2.08402,1.53735,1.47228,1.75022,1.88085,1.40746,1.1686,1.732690556
"13,336",13336300,1.41111,1.60981,1.65772,1.91574,2.1901,2.28566,1.98507,1.67288,1.64802,2.00712,1.64392,2.11127,1.54501,1.48584,1.75715,1.90901,1.42732,1.1782,1.746719444
"13,454",13454300,1.39451,1.63647,1.68005,1.93447,2.20319,2.31156,2.01082,1.68653,1.6537,1.99958,1.65657,2.14344,1.553,1.49833,1.76219,1.93684,1.44611,1.19159,1.761052778
"13,572",13572300,1.37634,1.66378,1.70171,1.95023,2.21955,2.3422,2.02994,1.69486,1.66147,1.99211,1.66657,2.17651,1.56303,1.50948,1.76742,1.96334,1.46497,1.21183,1.775296667
"13,690",13690300,1.36184,1.68393,1.7237,1.96862,2.23299,2.37476,2.0429,1.70223,1.67035,1.98786,1.67911,2.20805,1.56728,1.52481,1.77153,1.98533,1.48099,1.2301,1.788687778
"13,808",13808300,1.35143,1.70063,1.74709,1.99146,2.24582,2.40301,2.0569,1.70627,1.67617,1.98583,1.69267,2.2361,1.57442,1.54135,1.77693,2.00239,1.50159,1.24635,1.802022778
"13,926",13926400,1.34976,1.71592,1.76918,2.00833,2.257,2.42722,2.07185,1.70785,1.67668,1.98796,1.70866,2.26279,1.58398,1.56149,1.78781,2.01734,1.52428,1.26216,1.81557
"14,044",14044400,1.35762,1.73389,1.79087,2.02886,2.26347,2.45191,2.08962,1.71217,1.67886,1.98945,1.73197,2.28512,1.59658,1.58129,1.79833,2.03113,1.5478,1.28202,1.830608889
"14,162",14162400,1.37029,1.749,1.80618,2.04455,2.26937,2.47907,2.10946,1.71785,1.67967,1.99544,1.75736,2.30744,1.6101,1.60568,1.80415,2.04937,1.57461,1.30508,1.846370556
"14,280",14280400,1.38886,1.75946,1.81935,2.0618,2.27735,2.51022,2.13442,1.71994,1.67858,2.00745,1.78459,2.32816,1.62355,1.63123,1.81341,2.06953,1.60043,1.33091,1.863291111
"14,398",14398400,1.41157,1.76422,1.82771,2.08171,2.28741,2.54252,2.15821,1.71913,1.67982,2.02073,1.81461,2.34812,1.63689,1.65999,1.82227,2.09013,1.62349,1.3586,1.880396111
"14,517",14516500,1.4339,1.76286,1.83612,2.10104,2.29878,2.57062,2.18034,1.71154,1.68349,2.03523,1.84429,2.3633,1.65368,1.69022,1.83798,2.10867,1.64756,1.38214,1.896764444
"14,635",14634500,1.45654,1.75553,1.8411,2.1201,2.3081,2.6001,2.20251,1.703,1.68729,2.04772,1.87262,2.37547,1.67141,1.72157,1.85241,2.12958,1.6717,1.40669,1.912413333
"14,753",14752500,1.48128,1.75012,1.84248,2.13396,2.32017,2.62679,2.22893,1.68898,1.69098,2.0631,1.89902,2.38884,1.68964,1.75107,1.87316,2.14789,1.68943,1.42941,1.927513889
"14,871",14870500,1.50812,1.74789,1.84332,2.14886,2.32875,2.64909,2.24794,1.67317,1.69175,2.08439,1.9263,2.40041,1.7132,1.78026,1.8908,2.16673,1.70431,1.45398,1.942181667
"14,989",14988500,1.53903,1.74835,1.84198,2.16466,2.34083,2.67006,2.2663,1.65907,1.68856,2.10666,1.95186,2.4092,1.73593,1.80536,1.90984,2.18842,1.71478,1.47398,1.956381667
"15,107",15106600,1.57241,1.74608,1.84449,2.18297,2.35062,2.689,2.28794,1.6441,1.68929,2.12572,1.97579,2.42097,1.76068,1.82516,1.92604,2.21044,1.72118,1.49526,1.970452222
"15,225",15224600,1.60512,1.74197,1.84875,2.20825,2.36166,2.70947,2.31363,1.63399,1.68563,2.14178,2.00224,2.43296,1.78318,1.84421,1.93995,2.22808,1.72938,1.51324,1.984638333
"15,343",15342600,1.63669,1.7402,1.85455,2.23237,2.37236,2.73144,2.34031,1.6247,1.68339,2.15981,2.02842,2.44187,1.80399,1.86186,1.94874,2.24317,1.73621,1.52549,1.998087222
"15,461",15460600,1.66616,1.73717,1.86005,2.25579,2.38252,2.75064,2.36552,1.61262,1.67933,2.18186,2.05545,2.44609,1.8184,1.88331,1.95932,2.25877,1.74398,1.53628,2.010736667
"15,579",15578600,1.69612,1.73241,1.87059,2.27768,2.38875,2.76577,2.38616,1.60664,1.674,2.20615,2.09,2.45366,1.8278,1.90252,1.97042,2.27973,1.75121,1.54954,2.023841667
"15,697",15696700,1.72896,1.72437,1.879,2.29986,2.38975,2.7776,2.40518,1.60543,1.67339,2.23109,2.12541,2.46528,1.83794,1.92376,1.98294,2.30211,1.75797,1.55467,2.036928333
"15,815",15814700,1.76284,1.71851,1.88646,2.3237,2.38798,2.78584,2.42483,1.60631,1.67349,2.25111,2.15512,2.48065,1.85109,1.94016,1.9952,2.32438,1.75941,1.55536,2.049024444
"15,933",15932700,1.79523,1.70988,1.89565,2.34518,2.38917,2.79347,2.44078,1.6139,1.68051,2.26994,2.18513,2.49624,1.86763,1.95564,2.00752,2.34703,1.75793,1.55324,2.061337222
"16,051",16050700,1.82483,1.69916,1.90423,2.36414,2.39561,2.8012,2.45141,1.62702,1.69035,2.28271,2.21432,2.50719,1.88616,1.96837,2.02226,2.37408,1.75448,1.54743,2.073052778
"16,169",16168700,1.84831,1.68132,1.91672,2.37913,2.40397,2.80869,2.45465,1.63734,1.70181,2.29335,2.24776,2.52061,1.90229,1.98259,2.03412,2.40418,1.75093,1.54348,2.083958333
"16,287",16286800,1.87038,1.66089,1.935,2.39614,2.41679,2.82202,2.46707,1.64817,1.71584,2.30443,2.28365,2.53502,1.92083,1.99927,2.04442,2.43547,1.74502,1.53373,2.096341111
"16,405",16404800,1.89121,1.64668,1.94909,2.41502,2.43061,2.83969,2.47628,1.65653,1.72787,2.31449,2.31178,2.54643,1.94044,2.01737,2.05486,2.46518,1.7373,1.51619,2.107612222
"16,523",16522800,1.91163,1.63444,1.95869,2.43578,2.44882,2.85922,2.4802,1.6624,1.73738,2.32296,2.33703,2.5541,1.96734,2.03499,2.06419,2.48993,1.72901,1.48691,2.117501111
"16,641",16640800,1.93382,1.62813,1.965,2.46262,2.47184,2.88086,2.48266,1.66468,1.74958,2.32771,2.35802,2.55681,1.99964,2.05049,2.07383,2.50738,1.71327,1.45841,2.126930556
"16,759",16758800,1.95437,1.61903,1.96865,2.48618,2.49844,2.90069,2.48482,1.67167,1.76429,2.3298,2.38535,2.55557,2.03339,2.0656,2.08925,2.53186,1.69497,1.43739,2.137295556
"16,877",16876900,1.97828,1.60544,1.97574,2.51573,2.52329,2.91588,2.48799,1.68469,1.78036,2.33414,2.4172,2.55837,2.07121,2.08142,2.10417,2.55831,1.68024,1.41626,2.149373333
"16,995",16994900,2.00676,1.58674,1.98476,2.54409,2.54788,2.92933,2.49482,1.70254,1.80796,2.33588,2.44554,2.56802,2.1059,2.09422,2.1266,2.58635,1.6653,1.39163,2.162462222
"17,113",17112900,2.04591,1.56636,1.9912,2.57138,2.57354,2.94296,2.50783,1.72385,1.8314,2.33997,2.47681,2.5771,2.13937,2.10703,2.1513,2.61251,1.65446,1.36612,2.176616667
"17,231",17230900,2.08369,1.54131,1.99599,2.60135,2.59634,2.95419,2.5199,1.7474,1.85175,2.34774,2.50894,2.58251,2.17386,2.11891,2.17435,2.63959,1.63775,1.3394,2.189720556
"17,349",17348900,2.12375,1.52314,2.00459,2.62974,2.62507,2.95466,2.53433,1.77004,1.87462,2.35656,2.54236,2.5823,2.20801,2.1308,2.19902,2.66652,1.62095,1.3136,2.203336667
"17,467",17467000,2.16338,1.50523,2.00273,2.65498,2.64855,2.95637,2.54225,1.78993,1.89666,2.36472,2.57522,2.58361,2.24597,2.136,2.22726,2.69335,1.59404,1.28998,2.215012778
"17,585",17585000,2.19857,1.4813,1.99202,2.68436,2.66705,2.95238,2.55597,1.80055,1.91792,2.37558,2.59286,2.58038,2.28298,2.13976,2.26131,2.71601,1.57111,1.28131,2.225078889
"17,703",17703000,2.2293,1.4676,1.99009,2.71479,2.6945,2.95226,2.56506,1.81241,1.93015,2.38056,2.60998,2.57293,2.32069,2.14974,2.29533,2.73892,1.5503,1.28141,2.236445556
"17,821",17821000,2.25717,1.46529,1.98202,2.73944,2.71415,2.94763,2.57353,1.81746,1.94163,2.38782,2.61962,2.55803,2.35539,2.16766,2.3317,2.75311,1.51746,1.29289,2.245666667
"17,939",17939000,2.28742,1.45723,1.97378,2.76506,2.73087,2.94847,2.5828,1.82109,1.95979,2.39625,2.62358,2.53736,2.38387,2.1815,2.36276,2.76781,1.47933,1.29248,2.252858333
"18,057",18057100,2.31799,1.45058,1.96242,2.79169,2.75309,2.94331,2.5985,1.82532,1.98157,2.40957,2.61355,2.51412,2.40907,2.19707,2.39817,2.78307,1.44109,1.29767,2.260436111
"18,175",18175100,2.34281,1.44719,1.95024,2.80613,2.76795,2.93072,2.60949,1.83288,2.00411,2.42279,2.5952,2.48336,2.43608,2.20924,2.42914,2.79623,1.40251,1.30216,2.264901667
"18,293",18293100,2.36678,1.44842,1.93743,2.82172,2.7757,2.91922,2.62626,1.84332,2.03262,2.43117,2.58332,2.45147,2.45527,2.22035,2.45496,2.81299,1.37138,1.31701,2.270521667
"18,411",18411100,2.37563,1.46067,1.92502,2.83894,2.77434,2.89669,2.64154,1.85359,2.05369,2.44725,2.56384,2.41643,2.47015,2.21949,2.47683,2.81615,1.34045,1.34157,2.272903889
"18,529",18529100,2.3749,1.46478,1.91564,2.84612,2.77108,2.88024,2.66331,1.87722,2.08067,2.46059,2.54518,2.38438,2.48353,2.22624,2.49905,2.81172,1.30647,1.35872,2.274991111
"18,647",18647200,2.3675,1.46428,1.91153,2.85589,2.76118,2.86274,2.67103,1.90257,2.096,2.4702,2.53378,2.34528,2.48375,2.23003,2.5259,2.80252,1.27337,1.37002,2.273753889
"18,765",18765200,2.36961,1.47402,1.91713,2.86042,2.74591,2.84151,2.68565,1.93366,2.11079,2.4773,2.52654,2.29979,2.48457,2.24846,2.55153,2.78928,1.2445,1.37248,2.274063889
"18,883",18883200,2.37025,1.49187,1.91706,2.87112,2.72881,2.81965,2.69216,1.96286,2.13419,2.49044,2.51945,2.26948,2.49546,2.26339,2.57261,2.78381,1.2158,1.3726,2.276167222
"19,001",19001200,2.37542,1.51616,1.91136,2.86895,2.70917,2.78783,2.70618,2.01428,2.16358,2.51574,2.50448,2.24644,2.50733,2.28577,2.58137,2.78842,1.19295,1.36422,2.279980556
"19,119",19119200,2.39005,1.54354,1.90878,2.85637,2.70342,2.7648,2.71977,2.05747,2.1985,2.54707,2.48008,2.23863,2.51528,2.31148,2.6012,2.81157,1.17456,1.35559,2.287675556
"19,237",19237300,2.4177,1.57423,1.92548,2.83989,2.7076,2.74554,2.73556,2.10598,2.25701,2.58944,2.44377,2.24182,2.51833,2.34523,2.61914,2.83286,1.15574,1.33536,2.299482222
"19,355",19355300,2.45469,1.6138,1.92978,2.82213,2.70261,2.73897,2.75323,2.1726,2.31647,2.61153,2.41878,2.22343,2.54068,2.3897,2.63873,2.85764,1.14795,1.3209,2.31409
"19,473",19473300,2.5062,1.66164,1.93092,2.80094,2.70419,2.74616,2.7886,2.23964,2.36336,2.62875,2.39056,2.20156,2.56441,2.44606,2.66478,2.89665,1.16046,1.29446,2.332741111
"19,591",19591300,2.56015,1.71243,1.93457,2.77604,2.69996,2.75456,2.81553,2.3024,2.40414,2.6439,2.35393,2.17466,2.5821,2.50257,2.6872,2.92578,1.16503,1.27187,2.348156667
"19,709",19709300,2.60485,1.75705,1.94622,2.75239,2.70767,2.75905,2.82766,2.35585,2.43908,2.67365,2.30301,2.15837,2.59093,2.56072,2.70149,2.93608,1.15925,1.25869,2.360667222
"19,827",19827400,2.63843,1.79225,1.96518,2.73867,2.70416,2.77925,2.84558,2.40314,2.47339,2.69614,2.25349,2.14549,2.58725,2.60574,2.72446,2.93103,1.15218,1.2656,2.372301667
"19,945",19945400,2.67494,1.82345,1.98108,2.73349,2.70858,2.80727,2.85377,2.45826,2.51701,2.71631,2.20626,2.14218,2.57968,2.6583,2.73991,2.91589,1.1469,1.29068,2.386331111
"20,063",20063400,2.71422,1.85502,1.99378,2.73453,2.70744,2.84367,2.88491,2.51793,2.56864,2.74599,2.15429,2.14017,2.57305,2.70818,2.75048,2.90912,1.14438,1.32308,2.403826667
"20,181",20181400,2.7414,1.89787,1.99751,2.75826,2.69576,2.87531,2.91169,2.57252,2.62319,2.79413,2.11479,2.12974,2.5646,2.75137,2.76988,2.88796,1.13236,1.36508,2.421301111
"20,299",20299400,2.73544,1.92402,1.99214,2.78695,2.67262,2.88223,2.9196,2.61754,2.70638,2.83534,2.0781,2.09195,2.57462,2.77921,2.79481,2.86685,1.13212,1.39702,2.432607778
"20,418",20417500,2.74168,1.95258,2.03254,2.82891,2.67013,2.87714,2.96151,2.6743,2.78287,2.89163,2.02604,2.07926,2.59614,2.79509,2.79615,2.87411,1.13386,1.42183,2.451987222
"20,536",20535500,2.72999,1.95983,2.04704,2.89958,2.66861,2.856,2.99238,2.72386,2.83685,2.94616,1.96833,2.07036,2.62223,2.77513,2.79884,2.88449,1.12988,1.44122,2.463932222
"20,654",20653500,2.71236,1.99818,2.06862,2.92994,2.68245,2.86825,3.05632,2.75429,2.92168,2.98408,1.9439,2.08961,2.63633,2.7865,2.82221,2.88765,1.17187,1.47172,2.488108889
"20,772",20771500,2.71292,2.03809,2.08171,2.94524,2.70221,2.88042,3.12642,2.77036,2.98779,3.04261,1.92809,2.11362,2.63378,2.79779,2.84822,2.88567,1.237,1.51144,2.513521111
"20,890",20889500,2.74101,2.08713,2.07634,2.92399,2.73355,2.8861,3.19061,2.78018,3.04461,3.10799,1.9187,2.14084,2.62162,2.79675,2.84204,2.88104,1.29701,1.56431,2.535212222
"21,008",21007600,2.80679,2.14727,2.04132,2.92604,2.72917,2.88526,3.29112,2.76013,3.10297,3.19189,1.94382,2.18778,2.63597,2.77069,2.8128,2.84511,1.3314,1.5902,2.555540556
"21,126",21125600,2.87883,2.17588,1.9534,2.92472,2.74295,2.83117,3.34022,2.73786,3.16303,3.30427,1.97571,2.23251,2.67477,2.75117,2.79247,2.76126,1.38711,1.61015,2.568748889
"21,244",21243600,2.93173,2.21738,1.86294,2.94714,2.7128,2.77496,3.35699,2.7061,3.13461,3.38124,1.95063,2.19554,2.65821,2.75501,2.74943,2.64924,1.45508,1.62306,2.559005
"21,362",21361600,3.00166,2.22349,1.79254,2.98717,2.67038,2.7501,3.28568,2.67975,3.09516,3.4273,1.92659,2.14517,2.64659,2.75667,2.70735,2.53249,1.47101,1.58248,2.537865556
"21,480",21479600,2.991,2.18682,1.7626,3.06088,2.6168,2.67383,3.17746,2.62566,3.02703,3.37835,1.95319,2.0731,2.60727,2.6715,2.70149,2.46056,1.51107,1.5499,2.501583889
"21,598",,2.91154,2.2454,1.83696,3.18345,2.54891,2.55206,2.95238,2.45807,2.99732,3.22732,1.91515,2.06314,2.56368,2.50961,2.71526,2.33807,1.68777,1.39195,2.449891111
