Genomic_Distance,10th,11th,12th,13th,14th,15th,16th,17th,18th,1st,2nd,3rd,4th,5th,6th,7th,8th,9th,avee1
13000,0.09,0.09,0.09,0.09,0.09,0.09,0.09,0.09,0.09,0.09,0.09,0.09,0.09,0.09,0.09,0.09,0.09,0.09,0.09
118020,0.222058,0.220147,0.212451,0.220271,0.218118,0.22568,0.218827,0.218134,0.22422,0.219776,0.217582,0.228154,0.224066,0.223357,0.225389,0.219783,0.216058,0.220586,0.220814278
236040,0.313424,0.319827,0.311596,0.317431,0.309763,0.31575,0.330639,0.308355,0.321209,0.303189,0.305816,0.327834,0.326075,0.311499,0.335656,0.3208,0.31699,0.321571,0.317634667
354060,0.38821,0.395296,0.391612,0.398001,0.389086,0.387313,0.413154,0.379608,0.394672,0.381407,0.383071,0.412467,0.410861,0.37982,0.422595,0.405309,0.395394,0.410428,0.396572444
472080,0.454447,0.456821,0.46944,0.468534,0.45072,0.448148,0.490779,0.435576,0.458998,0.449314,0.450128,0.481344,0.480474,0.44232,0.491866,0.471894,0.459303,0.487011,0.463728722
590100,0.509141,0.511287,0.538138,0.521904,0.500995,0.500408,0.556426,0.487532,0.515937,0.507908,0.511839,0.54308,0.541724,0.502357,0.55959,0.537367,0.516452,0.559312,0.523410944
708120,0.560685,0.561663,0.600451,0.57218,0.547778,0.546857,0.612674,0.540092,0.574307,0.560511,0.558408,0.595999,0.603298,0.549423,0.620421,0.594751,0.564469,0.622829,0.577044222
826140,0.603855,0.608839,0.660678,0.612513,0.59311,0.590833,0.658953,0.592,0.629898,0.607221,0.599325,0.646278,0.657307,0.592636,0.675137,0.643753,0.599539,0.67458,0.624803056
944160,0.651856,0.658179,0.719839,0.651043,0.636163,0.63055,0.698663,0.636964,0.674783,0.649537,0.636867,0.697746,0.706398,0.630904,0.716581,0.689793,0.626648,0.723082,0.668644222
1062180,0.690376,0.704693,0.778969,0.687769,0.675092,0.677684,0.73514,0.674564,0.716725,0.689733,0.669324,0.741921,0.746696,0.663473,0.75194,0.733665,0.650505,0.768849,0.708728778
1180200,0.729386,0.747731,0.831777,0.720722,0.709944,0.725248,0.767211,0.70862,0.75652,0.725712,0.698326,0.785922,0.777218,0.695857,0.782544,0.77783,0.668829,0.804218,0.745200833
1298220,0.762669,0.789149,0.880374,0.751783,0.743609,0.76778,0.800156,0.740114,0.792046,0.75734,0.724072,0.830684,0.804992,0.725726,0.811393,0.814267,0.685538,0.834367,0.778669944
1416240,0.791912,0.824099,0.92743,0.780103,0.780289,0.808452,0.832379,0.7664,0.820357,0.788035,0.757338,0.873818,0.826748,0.748461,0.833596,0.851672,0.703947,0.864629,0.809981389
1534260,0.823301,0.854577,0.970003,0.808403,0.814318,0.848641,0.863088,0.787899,0.855433,0.817637,0.787228,0.919228,0.848021,0.768791,0.859629,0.891818,0.725676,0.891255,0.840830333
1652280,0.85743,0.884375,1.01056,0.830428,0.848164,0.885446,0.894493,0.807096,0.890185,0.843807,0.817556,0.959618,0.869712,0.787371,0.88757,0.930949,0.747477,0.915442,0.870426611
1770300,0.890357,0.913047,1.0505,0.852721,0.879671,0.921197,0.922395,0.825001,0.924619,0.871483,0.848602,0.997622,0.89129,0.804613,0.916242,0.967464,0.772526,0.938971,0.899351167
1888320,0.920879,0.934293,1.08573,0.871645,0.9117,0.953054,0.948449,0.847126,0.954177,0.896909,0.876266,1.03408,0.914463,0.823402,0.946333,1.00018,0.793488,0.964635,0.926489389
2006340,0.952404,0.956786,1.11674,0.895247,0.942836,0.983836,0.968024,0.873503,0.981413,0.926675,0.898793,1.06804,0.941634,0.839281,0.977317,1.03212,0.816323,0.992188,0.953508889
2124360,0.982863,0.979614,1.14717,0.918653,0.969966,1.01977,0.983766,0.901122,1.00966,0.956555,0.918751,1.10474,0.974701,0.854082,1.00812,1.06104,0.837735,1.01917,0.980415444
2242380,1.01092,1.01055,1.17894,0.941825,0.998428,1.05592,0.998218,0.927838,1.0418,0.990147,0.938969,1.14179,1.00399,0.871619,1.03615,1.09168,0.860549,1.05197,1.008405722
2360400,1.04406,1.04221,1.21194,0.965128,1.02347,1.09105,1.01124,0.953347,1.0733,1.02024,0.956403,1.17547,1.03487,0.89064,1.05957,1.12323,0.886484,1.08908,1.036207333
2478420,1.07862,1.07277,1.24237,0.989572,1.0468,1.12587,1.0229,0.981966,1.10611,1.04927,0.971015,1.21023,1.06578,0.913218,1.0793,1.15271,0.912038,1.1248,1.063629944
2596440,1.11171,1.10309,1.27262,1.0117,1.06745,1.15812,1.03583,1.01107,1.13968,1.07306,0.986686,1.24619,1.10098,0.934694,1.09651,1.18464,0.937883,1.15705,1.090497944
2714460,1.14389,1.13597,1.30088,1.03289,1.08551,1.18611,1.0457,1.03735,1.17172,1.09281,1.00133,1.28804,1.13602,0.955148,1.10959,1.21288,0.963117,1.18477,1.1157625
2832480,1.1734,1.16683,1.32903,1.0544,1.10322,1.21192,1.05365,1.06052,1.20046,1.11328,1.01143,1.32921,1.16654,0.976963,1.12642,1.2391,0.988713,1.20613,1.139512
2950500,1.20503,1.19302,1.35758,1.07282,1.12137,1.23621,1.06337,1.08711,1.23119,1.13503,1.02076,1.36997,1.18848,0.997245,1.14297,1.26416,1.01366,1.2242,1.162454167
3068520,1.23668,1.21847,1.38623,1.08933,1.13802,1.25584,1.07185,1.11242,1.26144,1.15743,1.03658,1.40268,1.20919,1.01322,1.16041,1.28819,1.03362,1.24151,1.184061667
3186540,1.26411,1.24141,1.40909,1.10376,1.15752,1.27721,1.0796,1.13623,1.29516,1.18277,1.0532,1.43092,1.22714,1.03112,1.17747,1.31273,1.04891,1.25583,1.204676667
3304560,1.28923,1.26576,1.43182,1.11453,1.17777,1.30077,1.08965,1.15853,1.33075,1.20842,1.0747,1.45939,1.24466,1.04817,1.20072,1.33783,1.06295,1.26702,1.225703889
3422580,1.3107,1.2907,1.45766,1.12,1.19437,1.32118,1.10332,1.1774,1.3656,1.23372,1.09793,1.48616,1.25693,1.0635,1.22418,1.36017,1.07539,1.27408,1.245166111
3540600,1.32899,1.31554,1.48375,1.12601,1.21182,1.34016,1.1173,1.19334,1.39894,1.26035,1.12176,1.51213,1.26796,1.07808,1.25084,1.37945,1.08789,1.28251,1.264267778
3658620,1.34969,1.33992,1.51209,1.13235,1.22915,1.35939,1.1342,1.21111,1.4312,1.28628,1.14345,1.54122,1.28338,1.08737,1.27661,1.40032,1.09894,1.2986,1.284181667
3776640,1.36995,1.3654,1.53934,1.13854,1.2483,1.37632,1.14599,1.23255,1.46027,1.31712,1.16441,1.57019,1.29803,1.09654,1.30072,1.42163,1.10524,1.32009,1.303923889
3894660,1.39399,1.38859,1.56402,1.14723,1.266,1.38878,1.1581,1.25636,1.48985,1.34756,1.18487,1.59792,1.31274,1.09805,1.32197,1.44051,1.10922,1.33927,1.322501667
4012680,1.41727,1.40966,1.58958,1.15426,1.28326,1.40042,1.16752,1.281,1.52185,1.37814,1.20423,1.6228,1.32923,1.10092,1.3431,1.45556,1.1157,1.35806,1.340697778
4130700,1.43722,1.42863,1.61219,1.16433,1.30131,1.40987,1.1784,1.3058,1.54943,1.40928,1.22363,1.64704,1.34736,1.10556,1.36359,1.46961,1.12377,1.37766,1.358593333
4248720,1.456,1.44462,1.63041,1.1788,1.3182,1.42089,1.19399,1.32917,1.57546,1.43841,1.24177,1.66862,1.36736,1.11068,1.38079,1.48221,1.1349,1.3999,1.376232222
4366740,1.47395,1.46374,1.64984,1.19969,1.33905,1.43166,1.20244,1.34894,1.60278,1.46624,1.25858,1.68579,1.3886,1.12049,1.39354,1.49535,1.14804,1.42368,1.394022222
4484760,1.4897,1.48197,1.66884,1.21738,1.36142,1.444,1.20772,1.36789,1.63338,1.4911,1.27473,1.70308,1.41438,1.13115,1.40034,1.50839,1.16775,1.44762,1.411713333
4602780,1.5051,1.50089,1.68802,1.23925,1.38154,1.45302,1.2128,1.38608,1.66201,1.51829,1.2903,1.72122,1.44255,1.14314,1.40534,1.52022,1.18831,1.47286,1.429496667
4720800,1.52423,1.51804,1.70563,1.26095,1.40038,1.46051,1.21425,1.40243,1.69105,1.54581,1.30657,1.74025,1.47185,1.1587,1.40801,1.53371,1.20447,1.49257,1.446633889
4838820,1.54113,1.53515,1.72093,1.28353,1.41955,1.46922,1.21609,1.41851,1.71703,1.57096,1.32418,1.75999,1.49781,1.17519,1.40934,1.54843,1.2203,1.51182,1.463286667
4956840,1.55689,1.55284,1.73622,1.30464,1.43897,1.47914,1.2156,1.43061,1.74021,1.59241,1.34062,1.77783,1.52221,1.19056,1.40957,1.56411,1.23831,1.53211,1.479047222
5074860,1.57483,1.5737,1.75025,1.32592,1.45871,1.48743,1.21638,1.44334,1.76597,1.6177,1.35292,1.7951,1.54479,1.20421,1.40813,1.57783,1.25378,1.55158,1.494587222
5192880,1.59138,1.59549,1.76285,1.34468,1.47681,1.49544,1.2166,1.45607,1.79187,1.64555,1.36021,1.81202,1.56574,1.21737,1.4062,1.59232,1.26576,1.57278,1.509396667
5310900,1.61108,1.61456,1.77243,1.3546,1.49609,1.50403,1.21511,1.47012,1.81809,1.66977,1.36126,1.83386,1.58577,1.22824,1.40601,1.60692,1.28072,1.59385,1.523472778
5428920,1.62945,1.62983,1.78036,1.36224,1.5138,1.5123,1.2147,1.48129,1.84537,1.69289,1.3629,1.85424,1.60193,1.24043,1.40654,1.62116,1.29892,1.61735,1.536983333
5546940,1.6481,1.64392,1.78904,1.36899,1.53005,1.51829,1.21498,1.49552,1.87127,1.71084,1.36649,1.87065,1.61596,1.25219,1.41078,1.63357,1.31624,1.63925,1.549785
5664960,1.66461,1.65214,1.79588,1.36934,1.54757,1.52416,1.21662,1.5088,1.89748,1.72714,1.37319,1.88664,1.63296,1.26278,1.41642,1.64269,1.33332,1.65954,1.561737778
5782980,1.68045,1.66169,1.80463,1.37055,1.56784,1.52725,1.21817,1.52018,1.92092,1.73931,1.3856,1.90213,1.6478,1.27027,1.41985,1.65197,1.35202,1.68003,1.57337
5901000,1.6975,1.67411,1.81581,1.37007,1.58511,1.53062,1.21651,1.53071,1.94241,1.75333,1.39878,1.91704,1.66295,1.28135,1.42395,1.66431,1.37249,1.70051,1.58542
6019020,1.7127,1.68527,1.82439,1.36943,1.6007,1.53618,1.21378,1.54306,1.96166,1.76797,1.4159,1.93202,1.67665,1.29389,1.42691,1.67969,1.39118,1.71985,1.597290556
6137040,1.72637,1.69577,1.83651,1.36724,1.61354,1.54001,1.20864,1.55659,1.98084,1.78527,1.43464,1.94848,1.69375,1.30861,1.43088,1.69326,1.40918,1.7427,1.609571111
6255060,1.74115,1.70573,1.84893,1.36211,1.62854,1.5429,1.20638,1.57002,2.00041,1.80348,1.45577,1.96746,1.71742,1.31883,1.43163,1.70474,1.42369,1.76296,1.621786111
6373080,1.75757,1.71434,1.86157,1.35799,1.64064,1.54512,1.20922,1.58498,2.02031,1.82338,1.47891,1.98505,1.74165,1.32882,1.4305,1.71542,1.43567,1.78533,1.634248333
6491100,1.77488,1.72068,1.87658,1.35785,1.649,1.54745,1.21055,1.5962,2.03823,1.84356,1.49936,2.00054,1.76804,1.33867,1.42543,1.72565,1.44983,1.80616,1.646036667
6609120,1.79128,1.72729,1.88701,1.3562,1.65409,1.54402,1.21392,1.60692,2.05553,1.85896,1.51905,2.01568,1.79328,1.34298,1.42056,1.73678,1.46152,1.82451,1.656087778
6727140,1.80904,1.73279,1.89509,1.35677,1.65767,1.53739,1.21937,1.61511,2.0714,1.87507,1.53701,2.02801,1.81743,1.34475,1.41582,1.74685,1.4747,1.84214,1.665356111
6845160,1.82464,1.73797,1.90315,1.35537,1.66239,1.52943,1.2233,1.6176,2.08604,1.89566,1.55371,2.0351,1.84328,1.34799,1.40895,1.75486,1.49283,1.85581,1.673782222
6963180,1.84083,1.74161,1.90922,1.35708,1.66655,1.5221,1.22854,1.62115,2.0989,1.91604,1.56951,2.0411,1.86547,1.34588,1.40389,1.7632,1.5089,1.86859,1.681586667
7081200,1.85626,1.74713,1.91352,1.35919,1.67265,1.5177,1.23257,1.61986,2.11167,1.93275,1.58502,2.0465,1.88223,1.34197,1.40676,1.76931,1.5276,1.88301,1.689205556
7199220,1.87092,1.75447,1.92007,1.36214,1.67826,1.51565,1.2343,1.61944,2.12722,1.94848,1.59942,2.05489,1.89546,1.33762,1.41371,1.77506,1.54467,1.89671,1.697138333
7317240,1.88818,1.75915,1.92749,1.35995,1.68446,1.51026,1.2353,1.62279,2.14503,1.9613,1.60977,2.0685,1.90713,1.33333,1.42312,1.78006,1.56115,1.90889,1.70477
7435260,1.90375,1.76338,1.9312,1.35962,1.68919,1.50321,1.2341,1.62535,2.16243,1.9745,1.61862,2.07989,1.91624,1.32932,1.42963,1.7851,1.57655,1.92147,1.711308333
7553280,1.92042,1.76409,1.93829,1.3583,1.6972,1.49628,1.23282,1.6287,2.18001,1.98546,1.62646,2.08744,1.92436,1.32319,1.43621,1.79205,1.59195,1.93381,1.717613333
7671300,1.9346,1.76762,1.94248,1.35475,1.70775,1.48496,1.23229,1.63022,2.19588,1.99231,1.62988,2.09704,1.92981,1.31653,1.44324,1.79601,1.60908,1.94501,1.722747778
7789320,1.94567,1.77161,1.94793,1.35299,1.71862,1.47335,1.22871,1.63284,2.21061,1.99948,1.63728,2.10858,1.93441,1.31115,1.4518,1.79738,1.62317,1.95239,1.727665
7907340,1.9565,1.77425,1.95519,1.34766,1.73066,1.4662,1.22571,1.63403,2.22424,2.0052,1.64537,2.1189,1.94088,1.3078,1.46048,1.79912,1.63506,1.96061,1.732658889
8025360,1.96471,1.7748,1.96265,1.33899,1.74219,1.46057,1.22654,1.63338,2.23531,2.01063,1.64915,2.12661,1.94748,1.30688,1.47037,1.79956,1.64519,1.97416,1.737176111
8143380,1.97406,1.77769,1.9683,1.33181,1.75839,1.45622,1.22919,1.63085,2.25007,2.01558,1.65424,2.13492,1.96076,1.30098,1.4799,1.79998,1.65776,1.98621,1.742606111
8261400,1.9846,1.7826,1.97292,1.32261,1.77574,1.44491,1.2302,1.62911,2.26338,2.02162,1.65666,2.14223,1.97168,1.29757,1.48908,1.80359,1.66881,2.00154,1.747713889
8379420,1.99749,1.78435,1.98164,1.31982,1.79276,1.43494,1.22937,1.62995,2.27997,2.02697,1.6562,2.14892,1.98269,1.28925,1.49906,1.80577,1.67686,2.01551,1.752862222
8497440,2.00709,1.78666,1.98919,1.32665,1.81317,1.42485,1.22728,1.62978,2.29535,2.03461,1.65592,2.15582,1.99445,1.28225,1.50778,1.81091,1.68441,2.03025,1.75869
8615460,2.01566,1.78475,1.99451,1.34007,1.8343,1.41843,1.22707,1.62614,2.31002,2.04105,1.65119,2.16146,2.00428,1.27482,1.52124,1.81619,1.69248,2.04477,1.764357222
8733480,2.02639,1.78385,1.99761,1.35252,1.85437,1.40848,1.23021,1.62803,2.32597,2.04761,1.6512,2.16833,2.0149,1.26668,1.54085,1.82185,1.70246,2.06102,1.771240556
8851500,2.03777,1.78111,2.00022,1.36594,1.87663,1.40192,1.23455,1.63018,2.34033,2.05693,1.65285,2.17622,2.0265,1.25861,1.56336,1.83027,1.71345,2.07804,1.77916
8969520,2.05008,1.77709,2.00119,1.38114,1.89864,1.39817,1.24202,1.6351,2.35828,2.06688,1.65526,2.18363,2.03871,1.24996,1.59078,1.83959,1.72899,2.09585,1.788408889
9087540,2.06371,1.7733,2.00026,1.39417,1.92028,1.3974,1.25012,1.64044,2.37566,2.07909,1.65862,2.18958,2.04805,1.24249,1.61762,1.85197,1.74641,2.11358,1.797930556
9205560,2.07399,1.77433,2.00002,1.40618,1.94163,1.39599,1.26073,1.64619,2.38946,2.09288,1.66032,2.19009,2.05524,1.23997,1.64109,1.86181,1.76257,2.13069,1.806843333
9323580,2.08481,1.77686,1.99791,1.41055,1.96261,1.39468,1.26938,1.65252,2.40117,2.10509,1.66131,2.19212,2.06099,1.23934,1.66594,1.87291,1.779,2.1491,1.815349444
9441600,2.09438,1.7753,1.99271,1.40566,1.98354,1.39297,1.27715,1.65858,2.41395,2.11286,1.66129,2.18763,2.06364,1.24822,1.68786,1.88219,1.79367,2.16461,1.822011667
9559620,2.10248,1.77657,1.98518,1.39817,2.0019,1.39017,1.287,1.66114,2.42639,2.12035,1.65891,2.17992,2.06501,1.2616,1.70988,1.89376,1.80401,2.17649,1.827718333
9677640,2.11019,1.77968,1.98118,1.38937,2.02243,1.38936,1.29827,1.66133,2.4373,2.12964,1.66004,2.17384,2.07145,1.27385,1.73216,1.9032,1.81597,2.18486,1.834117778
9795660,2.12136,1.78876,1.97575,1.37895,2.04171,1.38895,1.31272,1.66063,2.44775,2.14059,1.66088,2.1685,2.08002,1.2817,1.75357,1.9138,1.82586,2.19385,1.840852778
9913680,2.13261,1.79486,1.96817,1.36987,2.05831,1.39232,1.33007,1.66151,2.45721,2.14959,1.66459,2.16903,2.0865,1.28975,1.77823,1.92458,1.8371,2.20227,1.848142778
10031700,2.14298,1.80384,1.96304,1.36263,2.07154,1.39612,1.3448,1.66195,2.46438,2.16233,1.66716,2.16747,2.09663,1.29775,1.80404,1.9321,1.84712,2.20868,1.855253333
10149700,2.1594,1.81121,1.95783,1.35488,2.08457,1.40172,1.3567,1.65855,2.46982,2.17523,1.66939,2.16771,2.10952,1.30729,1.83141,1.9414,1.8599,2.21381,1.862796667
10267700,2.1777,1.81887,1.95278,1.3456,2.09833,1.40694,1.36546,1.65643,2.47533,2.18688,1.67374,2.16513,2.12003,1.3201,1.85465,1.94772,1.87257,2.21702,1.869737778
10385800,2.19551,1.82798,1.94736,1.33802,2.10819,1.41831,1.37569,1.65172,2.4775,2.19526,1.68038,2.16169,2.12934,1.32911,1.8818,1.95112,1.88365,2.22054,1.876287222
10503800,2.21405,1.83017,1.94335,1.33265,2.11868,1.42815,1.39132,1.64834,2.48041,2.20658,1.68994,2.15921,2.13982,1.33976,1.914,1.95233,1.8925,2.2245,1.883653333
10621800,2.23417,1.8316,1.94077,1.33069,2.12906,1.4401,1.40477,1.64494,2.48082,2.21787,1.696,2.15586,2.15074,1.35166,1.9448,1.95652,1.90136,2.22837,1.891116667
10739800,2.25225,1.82995,1.93863,1.33326,2.13761,1.45282,1.42019,1.63997,2.47674,2.22743,1.70193,2.15293,2.16146,1.36661,1.97178,1.95805,1.90817,2.23154,1.897851111
10857800,2.27146,1.83263,1.93739,1.33984,2.14343,1.46681,1.43637,1.63948,2.47107,2.23258,1.70889,2.14793,2.16893,1.38294,1.9968,1.95797,1.91399,2.23837,1.904826667
10975900,2.2947,1.83314,1.93294,1.34508,2.15014,1.48099,1.45242,1.64085,2.46586,2.23936,1.71526,2.14233,2.17016,1.39348,2.01758,1.95652,1.92083,2.24553,1.910953889
11093900,2.31647,1.83133,1.93097,1.3484,2.15605,1.49896,1.47147,1.64075,2.46104,2.24514,1.72299,2.13914,2.17621,1.40504,2.03704,1.95408,1.92781,2.24881,1.917316667
11211900,2.33668,1.83105,1.92679,1.35492,2.16069,1.51134,1.48979,1.63606,2.4594,2.25055,1.72906,2.13529,2.18142,1.41367,2.05391,1.95184,1.93559,2.25334,1.922855
11329900,2.36014,1.83227,1.92325,1.3639,2.16186,1.52351,1.50825,1.63024,2.45828,2.25434,1.73592,2.13329,2.18657,1.41821,2.06915,1.94785,1.94733,2.25537,1.928318333
11447900,2.38367,1.83248,1.91745,1.37304,2.16418,1.5377,1.53208,1.62362,2.45594,2.25583,1.74364,2.13263,2.18916,1.42342,2.08348,1.94473,1.95789,2.25479,1.933651667
11566000,2.40853,1.82556,1.91354,1.38043,2.16505,1.55298,1.55298,1.61932,2.45551,2.2541,1.75091,2.1304,2.18635,1.42544,2.09903,1.94178,1.97117,2.25331,1.938132778
11684000,2.43707,1.82364,1.9045,1.38714,2.16612,1.56214,1.57255,1.61433,2.45283,2.25057,1.76422,2.12805,2.18562,1.42744,2.11163,1.94016,1.98002,2.25348,1.942306111
11802000,2.46175,1.82418,1.89713,1.39295,2.16553,1.56971,1.58937,1.61072,2.45106,2.25007,1.78019,2.12518,2.18021,1.42784,2.12364,1.93804,1.98573,2.25118,1.945804444
11920000,2.48624,1.82787,1.88636,1.39765,2.16286,1.5779,1.60378,1.60555,2.45229,2.25086,1.80252,2.12118,2.17181,1.42708,2.13556,1.93785,1.98886,2.24974,1.94922
12038000,2.5057,1.82919,1.87283,1.4052,2.16075,1.58719,1.62009,1.60371,2.45636,2.25147,1.82558,2.11442,2.16426,1.42432,2.14957,1.93762,1.99316,2.2463,1.952651111
12156100,2.52581,1.83461,1.85982,1.41238,2.15954,1.59422,1.63753,1.6013,2.464,2.25058,1.85342,2.107,2.15693,1.42573,2.15902,1.94256,1.99729,2.24141,1.956841667
12274100,2.54141,1.84022,1.844,1.4204,2.15984,1.60161,1.65489,1.59801,2.4738,2.24587,1.87956,2.10079,2.14622,1.42634,2.16224,1.94749,1.99618,2.23965,1.959917778
12392100,2.55283,1.84712,1.82754,1.43218,2.16271,1.61249,1.66476,1.59484,2.48222,2.24281,1.90985,2.09624,2.13548,1.42367,2.16303,1.95547,1.99631,2.24298,1.963473889
12510100,2.56516,1.8572,1.81685,1.44769,2.16616,1.62175,1.67238,1.59236,2.48849,2.24073,1.94193,2.09776,2.12754,1.42359,2.16287,1.96686,1.99703,2.25097,1.96874
12628100,2.57651,1.86664,1.81162,1.46643,2.16592,1.63027,1.6755,1.59127,2.49676,2.23999,1.97491,2.09598,2.11999,1.42727,2.16082,1.9798,2.00003,2.25812,1.974323889
12746200,2.58744,1.88185,1.80729,1.48556,2.16743,1.64097,1.67624,1.5894,2.50652,2.237,2.00602,2.09566,2.11167,1.43716,2.16016,1.99436,2.00526,2.26414,1.980785
12864200,2.59949,1.89946,1.80696,1.5025,2.16976,1.65218,1.68016,1.58169,2.51261,2.23751,2.02953,2.09499,2.10544,1.44633,2.15503,2.01264,2.00972,2.27195,1.987108333
12982200,2.61026,1.91384,1.8096,1.52311,2.17523,1.66401,1.68348,1.57223,2.51364,2.23722,2.05138,2.09239,2.10303,1.46112,2.15337,2.02431,2.01203,2.27949,1.993318889
13100200,2.62116,1.92097,1.80689,1.54791,2.18115,1.67495,1.6808,1.56171,2.51739,2.23613,2.07288,2.08843,2.09998,1.47985,2.15148,2.03297,2.01172,2.28938,1.998652778
13218200,2.632,1.92413,1.79961,1.56916,2.18841,1.69089,1.67894,1.54708,2.51695,2.23733,2.09343,2.08408,2.09791,1.50126,2.14607,2.04051,2.0107,2.30048,2.003274444
13336300,2.64231,1.92834,1.79693,1.58821,2.1922,1.71152,1.67916,1.5319,2.51411,2.23776,2.11685,2.08596,2.10063,1.52947,2.14253,2.04948,2.00839,2.31093,2.00926
13454300,2.64909,1.92949,1.79317,1.60244,2.19644,1.73197,1.68109,1.5208,2.51139,2.24176,2.14177,2.08941,2.10059,1.55889,2.14368,2.05559,2.01218,2.31642,2.015342778
13572300,2.65582,1.92859,1.79093,1.6169,2.19766,1.75164,1.68198,1.50581,2.50214,2.24698,2.16475,2.09655,2.10298,1.58485,2.14465,2.06095,2.01853,2.32326,2.020831667
13690300,2.66038,1.92289,1.78634,1.62959,2.19704,1.76474,1.68518,1.49498,2.4943,2.25528,2.19018,2.09901,2.10882,1.61471,2.14666,2.06497,2.02551,2.32157,2.025675
13808300,2.66392,1.9203,1.77741,1.64193,2.19282,1.77629,1.6859,1.48594,2.47782,2.26385,2.21436,2.1003,2.10852,1.63818,2.148,2.07749,2.02813,2.32185,2.029056111
13926400,2.66402,1.91218,1.76382,1.64584,2.18581,1.78819,1.68101,1.47473,2.46219,2.27187,2.23806,2.09825,2.10787,1.66058,2.14907,2.08932,2.03179,2.3125,2.029838889
14044400,2.66298,1.90788,1.75386,1.644,2.17519,1.8004,1.67417,1.46041,2.44879,2.27768,2.26169,2.09319,2.1053,1.68349,2.14608,2.10244,2.03645,2.30015,2.029675
14162400,2.66209,1.90425,1.74269,1.63911,2.16754,1.81621,1.66922,1.44619,2.43694,2.28411,2.28291,2.08695,2.10123,1.70508,2.14364,2.119,2.04264,2.2901,2.029994444
14280400,2.65958,1.90397,1.73159,1.6363,2.15596,1.83698,1.66596,1.43796,2.42433,2.28658,2.30644,2.08265,2.10092,1.7299,2.1424,2.13635,2.04952,2.27932,2.031483889
14398400,2.65921,1.90934,1.71705,1.63,2.14767,1.85603,1.66846,1.43637,2.41005,2.28701,2.32709,2.07608,2.09832,1.74833,2.14301,2.1527,2.05261,2.26443,2.032431111
14516500,2.65797,1.916,1.70028,1.61838,2.13943,1.87695,1.67571,1.44271,2.39134,2.28713,2.34684,2.06934,2.09428,1.76677,2.1453,2.17099,2.04758,2.24868,2.033093333
14634500,2.659,1.92172,1.67778,1.60621,2.13209,1.89435,1.6819,1.44427,2.37127,2.28917,2.36515,2.06583,2.08775,1.77879,2.14811,2.19231,2.0385,2.23147,2.032537222
14752500,2.66459,1.93116,1.65162,1.59354,2.12651,1.91279,1.6855,1.44239,2.35021,2.29145,2.38076,2.06297,2.07694,1.79373,2.14699,2.21645,2.03034,2.21065,2.031588333
14870500,2.66604,1.95208,1.62263,1.58465,2.12122,1.93698,1.69007,1.44084,2.32839,2.29577,2.39113,2.07125,2.06582,1.81179,2.14604,2.24927,2.01747,2.18768,2.032173333
14988500,2.66675,1.96755,1.59638,1.56905,2.11994,1.96143,1.69765,1.44041,2.30944,2.29789,2.40375,2.07697,2.05044,1.83407,2.14127,2.27684,2.00597,2.16647,2.032348333
15106600,2.66786,1.9786,1.56721,1.55458,2.11695,1.98522,1.69881,1.43884,2.29445,2.30064,2.4183,2.08561,2.03623,1.85855,2.13476,2.3,1.99015,2.15388,2.032257778
15224600,2.6724,1.99605,1.5425,1.53971,2.11693,2.01026,1.70177,1.4355,2.28444,2.3037,2.43987,2.09136,2.02263,1.88384,2.12839,2.32508,1.97496,2.14939,2.034376667
15342600,2.68161,2.01718,1.51773,1.527,2.11664,2.03605,1.70397,1.42838,2.27306,2.31137,2.46218,2.09541,2.01049,1.9083,2.12199,2.35057,1.9657,2.15175,2.037743333
15460600,2.68879,2.03642,1.49538,1.51293,2.11918,2.06442,1.70877,1.42455,2.26321,2.3182,2.48588,2.1003,2.00097,1.9314,2.11202,2.37821,1.95824,2.15926,2.042118333
15578600,2.69613,2.05882,1.4749,1.49976,2.12113,2.08846,1.71615,1.42297,2.24826,2.32547,2.51911,2.10527,1.98866,1.95233,2.10258,2.40689,1.95245,2.16323,2.046809444
15696700,2.70136,2.08129,1.4516,1.48674,2.12403,2.11451,1.71564,1.42156,2.23143,2.33564,2.54638,2.11681,1.97432,1.97502,2.10123,2.43319,1.94727,2.17173,2.051652778
15814700,2.70743,2.10505,1.42851,1.47324,2.12803,2.1434,1.70863,1.41631,2.21856,2.34103,2.57306,2.13252,1.95595,1.99795,2.10437,2.45523,1.94127,2.18085,2.056188333
15932700,2.70993,2.13257,1.40718,1.45858,2.12822,2.17234,1.69966,1.41049,2.20735,2.34789,2.5938,2.15194,1.93297,2.01592,2.11311,2.47702,1.93559,2.19166,2.060345556
16050700,2.70992,2.15644,1.38019,1.44744,2.12578,2.19776,1.68995,1.40647,2.20214,2.35022,2.61069,2.17506,1.9032,2.03086,2.12043,2.49585,1.92536,2.19646,2.062456667
16168700,2.7081,2.18128,1.357,1.43245,2.123,2.21945,1.67699,1.42353,2.20823,2.34822,2.62874,2.19128,1.8685,2.04543,2.12881,2.50917,1.90904,2.19548,2.06415
16286800,2.70083,2.20285,1.33821,1.41638,2.12242,2.24319,1.66266,1.43793,2.2076,2.34493,2.643,2.21037,1.82725,2.05125,2.14052,2.5268,1.88895,2.19902,2.064675556
16404800,2.69863,2.22188,1.31753,1.39095,2.12818,2.26643,1.64928,1.45188,2.20114,2.34166,2.65628,2.23554,1.78693,2.05751,2.16023,2.54689,1.86621,2.20263,2.065543333
16522800,2.7018,2.24009,1.29408,1.36458,2.1367,2.29002,1.63695,1.46718,2.19011,2.33334,2.67324,2.25791,1.7473,2.05956,2.17631,2.57306,1.84896,2.20744,2.066590556
16640800,2.70624,2.25453,1.26803,1.34943,2.15069,2.30609,1.61416,1.48153,2.17856,2.32274,2.69522,2.28034,1.70546,2.05707,2.18982,2.59938,1.8251,2.21771,2.066783333
16758800,2.7109,2.27434,1.24354,1.33679,2.16838,2.32926,1.58887,1.49428,2.15976,2.3142,2.71944,2.29585,1.66585,2.05764,2.19538,2.62029,1.80687,2.22109,2.066818333
16876900,2.71164,2.29801,1.22778,1.32449,2.18574,2.35735,1.56603,1.51347,2.13283,2.30749,2.74985,2.31262,1.63092,2.05748,2.20982,2.64771,1.79441,2.23083,2.069915
16994900,2.71778,2.31815,1.21255,1.31288,2.19883,2.38603,1.5395,1.53483,2.10733,2.31024,2.77895,2.33227,1.59565,2.05858,2.22731,2.67855,1.78056,2.23621,2.073677778
17112900,2.72365,2.34405,1.19733,1.30044,2.2096,2.41361,1.50593,1.55552,2.08058,2.31344,2.80586,2.35537,1.5613,2.06076,2.24645,2.70302,1.76154,2.24089,2.07663
17230900,2.7258,2.36697,1.19215,1.29002,2.21697,2.43464,1.47145,1.57351,2.05362,2.30971,2.83092,2.37486,1.52925,2.06311,2.26964,2.71887,1.7502,2.25206,2.079097222
17348900,2.72824,2.38808,1.1856,1.28171,2.21988,2.44671,1.43098,1.59164,2.02766,2.31271,2.85441,2.39531,1.497,2.06112,2.29841,2.73283,1.73881,2.26276,2.08077
17467000,2.72689,2.41342,1.17838,1.27753,2.22104,2.45708,1.39413,1.60121,1.99001,2.31265,2.88115,2.42205,1.46834,2.06129,2.32018,2.73912,1.72074,2.27174,2.080941667
17585000,2.73505,2.43055,1.18561,1.26235,2.21964,2.45933,1.37191,1.60825,1.9509,2.30728,2.90306,2.44416,1.43726,2.07119,2.34285,2.74476,1.70198,2.28016,2.080905
17703000,2.73818,2.44991,1.19563,1.24903,2.2236,2.46433,1.3628,1.61541,1.91658,2.30677,2.92642,2.45729,1.40257,2.06984,2.36132,2.75466,1.68876,2.28883,2.081773889
17821000,2.74533,2.47508,1.20362,1.2334,2.22507,2.46625,1.35983,1.61987,1.88528,2.31197,2.95346,2.46545,1.36913,2.06006,2.37506,2.76164,1.67093,2.29668,2.082117222
17939000,2.75829,2.5111,1.20826,1.20673,2.22435,2.47038,1.34932,1.62484,1.84926,2.31729,2.97982,2.47061,1.33745,2.05011,2.39456,2.76819,1.64846,2.29682,2.081435556
18057100,2.77142,2.53928,1.21735,1.1964,2.22316,2.47735,1.3422,1.63901,1.81126,2.31932,3.00664,2.46765,1.30612,2.04885,2.41873,2.7739,1.62234,2.29847,2.082191667
18175100,2.78055,2.55621,1.2229,1.18505,2.2126,2.47847,1.34032,1.65136,1.78059,2.31502,3.02104,2.47717,1.28115,2.05445,2.4406,2.76699,1.60554,2.29312,2.081285
18293100,2.77867,2.56636,1.21501,1.18374,2.19381,2.4769,1.34494,1.66031,1.75258,2.29954,3.04631,2.48558,1.24655,2.05078,2.45186,2.75532,1.59599,2.28353,2.077098889
18411100,2.78053,2.57495,1.20287,1.17971,2.17072,2.47163,1.33449,1.6657,1.71924,2.28889,3.05426,2.50747,1.21914,2.05436,2.46957,2.74788,1.5884,2.26552,2.071962778
18529100,2.77941,2.58503,1.18968,1.17476,2.14579,2.46299,1.31915,1.67422,1.68612,2.27413,3.05098,2.52275,1.19623,2.05014,2.49335,2.73143,1.57846,2.24541,2.064446111
18647200,2.77517,2.59547,1.17498,1.17403,2.114,2.45083,1.30275,1.67864,1.65246,2.25855,3.04402,2.53224,1.17447,2.04987,2.52304,2.71342,1.56461,2.22136,2.055550556
18765200,2.777,2.5986,1.16204,1.16226,2.08169,2.4258,1.28782,1.67653,1.6014,2.2493,3.04005,2.5542,1.15802,2.05092,2.54836,2.68979,1.54784,2.19734,2.044942222
18883200,2.77386,2.60353,1.14837,1.16523,2.05908,2.41027,1.27143,1.67033,1.56071,2.24639,3.02316,2.57927,1.15037,2.05621,2.57882,2.66762,1.53485,2.16549,2.036943889
19001200,2.76122,2.61219,1.13853,1.15396,2.03592,2.38944,1.27298,1.66693,1.51,2.23608,2.99943,2.60468,1.15571,2.06261,2.61801,2.64206,1.52195,2.12102,2.027928889
19119200,2.74383,2.62642,1.14394,1.14891,2.0072,2.38104,1.27288,1.67102,1.46999,2.22507,2.9901,2.63482,1.16333,2.0811,2.67689,2.61917,1.49924,2.08779,2.024596667
19237300,2.7259,2.64122,1.15679,1.13272,1.98901,2.38365,1.26227,1.66626,1.43393,2.22395,2.97654,2.66122,1.18203,2.10471,2.74442,2.60291,1.48151,2.06266,2.023983333
19355300,2.72156,2.64609,1.17605,1.12473,1.95971,2.36065,1.26739,1.67463,1.41217,2.22779,2.94606,2.68073,1.22122,2.12825,2.82128,2.5697,1.46725,2.037,2.02457
19473300,2.71404,2.64897,1.19969,1.11716,1.94038,2.34488,1.27088,1.67917,1.39396,2.23396,2.92464,2.71594,1.26789,2.14993,2.89649,2.5346,1.48037,2.02708,2.030001667
19591300,2.70468,2.65287,1.22358,1.10667,1.92778,2.31976,1.30016,1.67541,1.36773,2.23933,2.89289,2.74142,1.30989,2.16758,2.97116,2.48584,1.49227,2.01653,2.033086111
19709300,2.69779,2.63187,1.24242,1.10479,1.91261,2.27473,1.33381,1.66799,1.33435,2.2505,2.85973,2.75273,1.3598,2.17984,3.03773,2.42571,1.5045,2.00014,2.031724444
19827400,2.68568,2.62369,1.26356,1.10974,1.90755,2.20965,1.37711,1.67386,1.30646,2.26905,2.83348,2.75951,1.41353,2.18683,3.10805,2.36784,1.51349,1.98085,2.032773889
19945400,2.67516,2.61684,1.27765,1.11662,1.89801,2.14238,1.43142,1.69933,1.26548,2.30481,2.81602,2.76115,1.46615,2.17946,3.18561,2.30301,1.53617,1.95039,2.034758889
20063400,2.65062,2.61166,1.30942,1.13342,1.88899,2.08859,1.49304,1.73137,1.23167,2.33534,2.79563,2.74698,1.50777,2.16458,3.26042,2.24362,1.57074,1.91667,2.037807222
20181400,2.63084,2.60109,1.33514,1.13531,1.8685,2.0407,1.54765,1.76198,1.19353,2.37305,2.7692,2.72564,1.52901,2.15944,3.32272,2.18271,1.61076,1.87014,2.036522778
20299400,2.62242,2.61304,1.34941,1.1253,1.84536,1.97634,1.60226,1.79333,1.15676,2.40824,2.74564,2.70457,1.54482,2.13944,3.37675,2.12772,1.63131,1.80117,2.031326667
20417500,2.62812,2.64995,1.37931,1.13496,1.82843,1.9103,1.65877,1.80964,1.0841,2.4705,2.72351,2.70305,1.55957,2.13878,3.41985,2.04718,1.66174,1.75233,2.031116111
20535500,2.61959,2.71273,1.41033,1.1688,1.83179,1.86777,1.70802,1.83442,1.02166,2.51362,2.67734,2.70007,1.57229,2.11563,3.4677,1.95574,1.7232,1.69286,2.032975556
20653500,2.60677,2.75773,1.43042,1.1998,1.85694,1.83271,1.76032,1.87901,0.979972,2.59562,2.66101,2.71176,1.62237,2.10061,3.50042,1.87983,1.78295,1.63648,2.044151222
20771500,2.59049,2.80488,1.45664,1.23648,1.86349,1.76245,1.81949,1.92334,0.962751,2.68156,2.66028,2.72123,1.67129,2.06744,3.54043,1.78475,1.84193,1.55336,2.052348944
20889500,2.57998,2.81466,1.50073,1.22228,1.87357,1.70081,1.8912,1.98085,0.968946,2.75277,2.63628,2.74404,1.69664,2.00747,3.5544,1.67303,1.87294,1.48754,2.053229778
21007600,2.52219,2.79342,1.52728,1.23244,1.88706,1.64671,1.92706,2.02067,0.983703,2.84745,2.57845,2.74013,1.65281,1.92714,3.57455,1.54146,1.83358,1.39373,2.034990722
21125600,2.4069,2.76469,1.55263,1.21449,1.83895,1.60933,1.94159,2.06495,0.958124,2.88837,2.51205,2.75814,1.60186,1.84012,3.57651,1.446,1.75793,1.30944,2.002337444
21243600,2.30619,2.67527,1.59302,1.1669,1.81648,1.66858,1.90055,2.08888,0.92847,2.92498,2.49008,2.75219,1.57688,1.75277,3.55415,1.42039,1.67947,1.23771,1.974053333
21361600,2.17557,2.7028,1.6351,1.09456,1.84234,1.64751,1.84831,2.04109,0.995023,2.90807,2.42159,2.75006,1.59664,1.68008,3.61975,1.47072,1.62538,1.14584,1.955579611
21479600,2.03904,2.64978,1.76455,1.10203,1.89114,1.57473,1.86815,1.91592,1.06495,2.91027,2.4602,2.71207,1.69422,1.69841,3.63314,1.54697,1.64042,1.11123,1.959845556
21597600,1.89185,2.62208,1.87004,1.16184,2.03656,1.65397,1.82349,1.96579,1.04797,2.92811,2.49726,2.72103,1.50008,1.8404,3.71399,1.64398,1.70074,1.15182,1.987277778