Genomic Distance,Column1,10th,11th,12th,13th,14th,15th,16th,17th,18th,this work- Trajectories,2nd,3rd,4th,5th,6th,7th,8th,9th,avee,avee1
13,144444.44444444444,1.0,1.0,1.0,1.0,1.0,1.0,1.0,1.0,1.0,1.0,1.0,1.0,1.0,1.0,1.0,1.0,1.0,0.09,0.09,0.09
118,536107.2455679704,0.9205673040309842,1.0186076011127894,1.0539401376905422,1.0586306120862208,1.1686899744372257,0.8748883475371242,1.2335441557989741,1.1152524781623359,1.3188727215858524,1.256132759670235,1.0181040066296005,0.9678296423937979,1.128947962320952,1.199364978968321,0.8672618612109388,1.0627209963530797,0.9068636495144469,0.216645,0.221380167,0.220142611
236,749681.2237734539,0.9711364559661251,1.0088518769841712,1.0191207571487089,1.0316680796316566,1.1349914195347102,0.9105182282194964,1.1663557099698931,1.0493489329803931,1.2048829560640608,1.1841821190794979,0.9965005523212754,0.9804501556586043,1.0757959928151433,1.153243935354555,0.950451307741972,1.0316187484083716,0.9316141291972393,0.316858,0.3148706,0.314853889
354,905338.9289217809,0.966042709112895,1.00327765554259,1.0047970292943265,1.021199226951198,1.1046035077507024,0.9351669769785299,1.1475439906515135,1.0236587880759733,1.1398306177390485,1.1439071762880855,0.9896951120815284,0.9897474547862315,1.067092241130268,1.1514759389337654,0.9627906916179015,1.0206378787227264,0.9382331683574142,0.406756,0.389468375,0.391080111
472,1037094.9862043757,0.9708728513717216,1.0035991768220116,1.0109151616228065,1.0135416718041697,1.0747523160421026,0.9585904459670722,1.139979733286818,1.0154395093813557,1.0965048189170798,1.100033553508921,0.9898229535256987,0.9916649572983782,1.0745218425014789,1.1346407130730425,0.961637681926985,1.0224048432367938,0.940044810032031,0.482185,0.450790444,0.455194611
590,1155837.8604011764,0.970551329816149,1.0209448515062962,1.0156469128166703,1.0131056235442095,1.0489084972545104,0.9661091897710812,1.1386454002939164,1.012086867311139,1.090320869821539,1.064188204478448,0.9799276682740082,1.0071547287633593,1.0733397260344129,1.121531532345318,0.9539672822809468,1.0181776532980387,0.9338729048023444,0.545901,0.513073929,0.510538778
708,1265422.9171697702,0.9787192644505381,1.0298205433487386,1.026793687493102,1.0013368606935547,1.0320570413664298,0.9775239556982884,1.1316335320140762,1.0038724337968625,1.083277648539634,1.0377520571451901,0.9819483771514252,1.0050625016960215,1.0933429666951602,1.1098885791053188,0.9433777779554592,1.0143346750451705,0.9228950568115275,0.604625,0.561017,0.559591611
826,1364528.8579227629,0.9885113460625833,1.0370163304556046,1.0346563878214414,0.9885024552007364,1.0267205509284096,0.9851850288573175,1.1279117363203328,0.9917362787928299,1.078736660917885,1.031132026935371,0.9865771890016145,0.9934490040721553,1.110879358357032,1.1032085473776818,0.9244045582807668,1.0106425067130103,0.9095559156093296,0.660473,0.6088985,0.605439778
944,1453045.5961168362,0.9991797746260954,1.0434899172919767,1.0452538939559195,0.9787692022193873,1.0312542778661926,0.9915404438949076,1.1243891290522727,0.9740258824854994,1.070513134534535,1.0262123918996384,0.9943704309216311,0.9873503173199376,1.115975391076737,1.0968716743932292,0.9110210217773991,1.005899102113544,0.8952849910571882,0.714551,0.654774154,0.649780056
"1,062",1534664.6812733964,1.0112088438341842,1.0550879692161461,1.0490113181347378,0.9755745625547941,1.0294344092564027,0.9999740482783194,1.1213038742765107,0.9501382464060537,1.059526686025832,1.0238918901737335,0.999690673419771,0.9798827969504638,1.1151531383462379,1.0878673019154153,0.9091119938248042,1.0069785179501909,0.8840038779071,0.767785,0.694033077,0.692125167
"1,180",1614283.4761674618,1.02300743807358,1.058389607384863,1.0568893946077285,0.9687611376055006,1.0329915559725493,1.0192707525721245,1.1229742037379553,0.9261948906672767,1.045696579296642,1.0180987356497115,1.0042575463656254,0.9744564551075311,1.1097228010831577,1.077848549344904,0.904477838409921,1.0029527980558692,0.8872230350723687,0.814714,0.738012286,0.731098389
"1,298",1691304.12051543,1.0353887322632842,1.0559373912665242,1.0633270552320448,0.9612453260977304,1.0360432166086362,1.0354787747077,1.1211167262954118,0.9086060706714298,1.0341601971417131,1.0140871960096713,0.9997574891938208,0.9719266644241972,1.1034430156192663,1.0724298936698995,0.9028538730096808,0.9977018224846549,0.895104949825492,0.861578,0.748660667,0.767585222
"1,416",1764363.7115462308,1.0485185339673044,1.0533906998855338,1.0633474456498817,0.957008448711339,1.0362751933515888,1.0495726314302174,1.1255014451786713,0.8953084004880758,1.0266122327972114,1.0118322873737282,0.9878003060034278,0.9629831431646927,1.09534281749117,1.0687856536724782,0.9036063539297906,0.9945514669229628,0.9040823039029994,0.908697,0.79440975,0.802691667
"1,534",1836632.8775819214,1.0627873816013695,1.0461908735512062,1.0672489533244074,0.952313146751803,1.0395093989685527,1.0578148469205617,1.1342932426756975,0.8862940167576663,1.0182978761402528,1.0113024497527512,0.9750988177600092,0.9549022374171464,1.0829252240605478,1.0680596213826037,0.9053427982786556,0.9922219785239131,0.9107105566802032,0.951386,0.7927975,0.835365667
"1,652",1906832.677036314,1.075513805356705,1.041511516833043,1.0702951901591977,0.9511343927954125,1.0352801915997416,1.0692439226089843,1.1427858249420106,0.8877162768441927,1.0110386951103405,1.0054533389610458,0.9657544668397777,0.9492450066413546,1.0720175326264292,1.0663173761398332,0.9028964524702058,0.9857244619496581,0.9148283410079564,0.993457,0.859792154,0.866505
"1,770",1975634.4306141671,1.0920673506833876,1.0308407048696695,1.0687287328786492,0.9511733799321185,1.0329493935603569,1.081981175571665,1.1491150530564485,0.8885718792471302,1.0044522064069918,0.9976338081371063,0.9589444174580473,0.9462237896952138,1.0588158742458311,1.0662414225498313,0.9021386140541015,0.9816057914713312,0.9179086928673647,1.03424,0.9038278,0.896066611
"1,888",2042388.6584606604,1.110517535456544,1.0224910613520377,1.0645153839985155,0.9563364232881414,1.0249208815849344,1.097885766931672,1.1579869562819867,0.89009538270924,0.9954428106493226,0.985842897360261,0.9550302594237629,0.9456815013768828,1.0476495172683615,1.0663759402530015,0.8978846695365177,0.975600052675274,0.9203504262007672,1.07272,0.93193775,0.9245645
"2,006",2106663.581913223,1.1276983402709975,1.0117095700377539,1.06029867736224,0.9598465179048538,1.018497342885004,1.113566467474362,1.1640689214171023,0.8965112512751,0.984706791322968,0.9746564341852091,0.9558106910165939,0.9412098394542576,1.0391688511373258,1.0629060499214034,0.8972648365960739,0.9684685858993892,0.9231569099927752,1.11169,0.960945538,0.952378
"2,124",2168706.113600168,1.1409861655688533,1.0038049072727486,1.0566741839264113,0.9665999032735093,1.0173565388266024,1.1267460975291728,1.1661798720164072,0.9029553747635906,0.9772541403703193,0.9649794055119093,0.9565364922235836,0.9366237840318214,1.029514231033514,1.0554656764263808,0.894492012601538,0.9609049191597893,0.9289445448111363,1.14941,1.001161923,0.979551833
"2,242",2229543.822590604,1.153016788305745,0.9915681488681881,1.0529250933623522,0.9747000343562882,1.0144290565387646,1.139823859639011,1.1705046462150697,0.9063663396296382,0.9663634085644649,0.9530970483875567,0.9584897297378209,0.9307300218111031,1.026032342245387,1.0491062837839098,0.8914002027442296,0.9537968488286312,0.9415892885417313,1.18551,1.005836643,1.005757333
"2,360",2289316.2703914833,1.162285856052715,0.9804895196399231,1.0492283602349057,0.9794796465590488,1.0088824387277366,1.150211871212126,1.1770945831204884,0.9156126174296845,0.9550292153533775,0.9465788616807466,0.9562755074883265,0.9233988065420997,1.0243240625658523,1.046686490129136,0.8882751499448256,0.9437689398040675,0.9574939324586066,1.21803,1.05767275,1.031050222
"2,478",2349636.7209497704,1.1689927282342836,0.9728899468948912,1.0478733137369132,0.9837049480194899,1.0021222529722928,1.1652774760441196,1.1793913237017224,0.9252876775663953,0.9439834560619915,0.9418089039895615,0.9542744003313014,0.9196449090929664,1.022307017931706,1.043473662401402,0.8845862181215252,0.9320591180973355,0.9713544993367987,1.24666,1.063861636,1.054809889
"2,596",2410887.312270136,1.1770908789571166,0.9649286832513198,1.0473391961841783,0.9871000455717795,0.9944231796146801,1.1782990109333202,1.1814443570251172,0.9307081082680784,0.9330391897844222,0.9338658288889198,0.9586091967646114,0.9175757831198399,1.0211845906791392,1.0412658337503662,0.8826328913791454,0.9250195107653857,0.9819026826094074,1.27031,1.081909706,1.0769645
"2,714",2472893.8974999017,1.1848976399770006,0.9590851208610914,1.0458615128452253,0.9876705098115647,0.9859912998551041,1.1917129932755381,1.1835844600876135,0.9333916580481414,0.9212857255050468,0.9238495388060992,0.969173744857444,0.9140235914778398,1.0217857835329354,1.0401396598174468,0.8840530301418844,0.9193909119226747,0.990697446270068,1.28968,1.084954286,1.097685611
"2,832",2534883.3357975804,1.1944106191321886,0.950495264379854,1.0461755432927273,0.9852167167072617,0.9805333070034146,1.2056698897510643,1.185880590560022,0.932365378621556,0.9098510637456544,0.9162026454875337,0.9779108023721097,0.9121890435856976,1.0215938644194338,1.0377445507661323,0.8872040426545981,0.9181588190490291,0.9952602275464584,1.30798,1.102769333,1.117400556
"2,951",2594672.4362677457,1.2029721607847346,0.945614469677232,1.0468890901177108,0.9807973392553921,0.9777341707682973,1.2200511072637128,1.189102725634164,0.9293470087024732,0.8978499389073903,0.908741548710064,0.9882690523795098,0.9120359595332754,1.0192868221712215,1.0351308001413055,0.8907032288814658,0.9153958254139443,0.9982205794108259,1.32514,1.165914286,1.137137778
"3,069",2654864.057841178,1.2098565946723359,0.9378300619299436,1.0478768080360663,0.9785787535300529,0.9726320659485053,1.236107534887736,1.1922226860758394,0.9248708934606564,0.8899079786234855,0.8986155132957514,0.9991845232237633,0.9138612627599134,1.0185228798773018,1.0303299923693523,0.8916532524788316,0.9159209690814031,1.0029275735945802,1.33954,1.156410833,1.155810611
"3,187",2713217.454212022,1.2158323291331674,0.9299785572801892,1.0483174545712064,0.9789272034439476,0.9667059624754203,1.2500790764677543,1.1973628784540313,0.9212439678122957,0.8837758057202293,0.8871674006860956,1.0075502594856984,0.9197410966941594,1.01676433558402,1.0239309081273198,0.8935260714085794,0.9163613297191722,1.00786211365411,1.35208,1.186688875,1.174450667
"3,305",2769875.191394605,1.2222141072743267,0.9206379294763614,1.0472671611662736,0.9775832236389554,0.9577403604534601,1.2656588376322715,1.202146427633436,0.9163980359566106,0.8768832862379167,0.878224621572933,1.0153829025825276,0.9263180675153052,1.0193655811661135,1.0160100956407458,0.8934118827229011,0.9200321119149929,1.0152456538305559,1.36302,1.170951,1.193035722
"3,423",2824358.7436980624,1.2281032102477025,0.9137289813948709,1.0512204155301046,0.9792985939786287,0.9508590644851312,1.278037790303917,1.2086682321695945,0.9091091528427817,0.8694580574695672,0.8684201544325562,1.0216950580554645,0.9318148585360456,1.0198643039374247,1.0092824164902443,0.8923628492073757,0.923365194076682,1.0221788454350578,1.37205,1.170614357,1.211807833
"3,541",2877516.758251782,1.2347535012441184,0.9086973948912989,1.0589475544034461,0.9830919788451734,0.9412017489161827,1.292002410131395,1.2118904998774784,0.9020913261510484,0.863432257231414,0.8601523310801794,1.0270653100239744,0.9344985003784698,1.0199552103692966,1.0037063237905919,0.8899059686017233,0.9236979628593235,1.0303294030112464,1.37945,1.208888333,1.230435944
"3,659",2927562.2210590066,1.23722960995983,0.9038968359400145,1.0667844593501208,0.9872580213198442,0.9293702529714963,1.3026933987851377,1.2149593753167438,0.8945600357613513,0.8600525770414477,0.8552845008167931,1.0299688341952602,0.938758054860739,1.0175992016766284,1.0039055143297315,0.8905564831968016,0.9244913127269166,1.0372234908989957,1.38562,1.262334167,1.249715556
"3,777",2977400.019221277,1.238671592323774,0.8989135723134963,1.0752041184100136,0.9911356561099024,0.9165293868679081,1.3128662290197564,1.2195681711411888,0.8867581700515474,0.8573640807862891,0.8519174193477442,1.0339020126687473,0.9401033728825612,1.0170241176276706,1.0061735749798284,0.893882456372656,0.9240604848684079,1.0396936016078526,1.39093,1.300726429,1.268435556
"3,895",3027163.9830807312,1.2393374638293928,0.8939377102404448,1.08448551635352,0.9964565884478307,0.902436680994691,1.321176049951743,1.2216147990576094,0.8777642137077456,0.8561140151777153,0.8474796352143791,1.0348037797695422,0.9398789198466369,1.0165859509289623,1.0084222213554577,0.9009084539843112,0.9298605267488249,1.0418195297367736,1.3952,1.292015714,1.286570556
"4,013",3077215.1819931953,1.2393316969126271,0.8896214787284386,1.093972525156879,1.0036614226998628,0.8899470358090488,1.3318327492267448,1.22215262759308,0.8692162631515767,0.8545655356515672,0.8419207701935126,1.0358979693355523,0.9382769562984291,1.0137134725494559,1.0107662161967752,0.9090757791105906,0.9338755898834947,1.0439242573977656,1.39935,1.28994,1.303997222
"4,131",3126728.40414323,1.2421189698870516,0.8861250811364255,1.1022288110728777,1.0079391620313238,0.8783470731678683,1.3419916374373966,1.2240419286419764,0.8613514004213636,0.8515455012947111,0.8376867234379123,1.0368367170383725,0.936171967253253,1.0116465799380912,1.0157165315223389,0.9181276297816995,0.9345828519911912,1.0444109414221827,1.40232,1.316493333,1.321093333
"4,249",3176973.376326294,1.2441972288386676,0.8815608527725408,1.1066728818728004,1.0099400984030604,0.8669831440408533,1.3510064360773373,1.2271624308678724,0.8549646821647303,0.8514992365168527,0.8349300761243339,1.0387481256829754,0.9341923219638596,1.0109329923608346,1.021660777747458,0.9240167726351783,0.9341703609105172,1.0462826304095743,1.40568,1.289548462,1.337348333
"4,367",3227847.7638718495,1.2431650291918197,0.8753139858458943,1.1149984975635543,1.0126906793397208,0.8580942190771212,1.3611922180219505,1.2301542182959924,0.8474625546995426,0.8512364800716998,0.8325876647189628,1.0403410678593927,0.9297749499492609,1.0068716662146764,1.030205498353171,0.9268342669877839,0.934801903570252,1.0494820736540051,1.41051,1.328340833,1.352833333
"4,485",3278129.68405863,1.2421560721085398,0.868041047810199,1.1220919268531528,1.0178619800883635,0.8559544636642709,1.369839012313049,1.234202283660282,0.8408875124476016,0.8481863952214853,0.8296504570084762,1.0422583935128311,0.9225746532414046,1.0026420522909496,1.0372720540112979,0.9276925706719213,0.9351328133132726,1.0542359075825694,1.41606,1.360509375,1.368085
"4,603",3327570.134060877,1.2422739606400186,0.860224084012959,1.130406481406056,1.0232905984779166,0.8566343047107019,1.3790637375704313,1.2372556477270413,0.8346329255261946,0.84527145947742,0.82834093146009,1.0403206245337773,0.9155632926144166,0.9982533550793243,1.0434497336687771,0.9276160962917429,0.9375413642962569,1.0568011307225293,1.42026,1.408834545,1.383225556
"4,721",3377488.453605216,1.2442040386418014,0.8540406280873676,1.1375250022349856,1.027520940835421,0.8542370369150828,1.3886753153590998,1.2413626652176764,0.826890548904024,0.8424840970195034,0.8284407486998092,1.0381785217328168,0.9084766634922941,0.9937860109166423,1.0490520939469825,0.9257917620044683,0.9414306640445641,1.0593745777067014,1.42615,1.359946923,1.397725
"4,839",3426050.1872565015,1.2468377075773307,0.8466559490913482,1.1453495293449039,1.033504601380368,0.8518702851923357,1.3975435813031938,1.2457958644836808,0.821670593609878,0.8385752590341504,0.8296265992815496,1.0366244601937369,0.9010234950314819,0.9906245231560074,1.0544586128951028,0.92514745724098,0.9409783125228577,1.0590735754300298,1.43293,1.44514,1.412361111
"4,957",3472854.564751421,1.2483658700006386,0.8398763666571494,1.1515558174110008,1.0394460257611793,0.8505499593095641,1.4054103209255857,1.2506909019353727,0.8176959402420475,0.834577691255989,0.8307391845334516,1.0344550758342625,0.8941509163950135,0.9894974126913312,1.060292675040493,0.923031640321791,0.9410297517019348,1.0557862914329046,1.44285,1.405221875,1.42731
"5,075",3518394.6013136273,1.247976111555436,0.8368421651559644,1.1567463337677013,1.0413915098953592,0.8485343211963676,1.4106525253283477,1.25423558881596,0.8122312040290537,0.8309055495015677,0.8327991295724825,1.0352324975930547,0.8889620202322899,0.9918607465321475,1.0652372677685265,0.9203072714808432,0.9404953603191315,1.0527564975649357,1.45538,1.416613846,1.442379444
"5,193",3563764.503365013,1.2475489021776511,0.8346003137472774,1.1628291628333063,1.0422805330397233,0.8482397831620629,1.4162782213700809,1.2568744326716854,0.8092777550006655,0.825834573442282,0.8380992444680014,1.0339191618019223,0.8827335943455265,0.9939306989338248,1.0697211454238598,0.9167673680193655,0.9393794952748421,1.0479990382768212,1.46891,1.440235,1.457133333
"5,311",3607011.79996681,1.2488707500236387,0.8316209735473267,1.1683224016466667,1.0455448891104506,0.8463892349429183,1.4226511118254306,1.2568500241246303,0.8042650711024932,0.8171255170904839,0.8421470505071346,1.0323461201700121,0.8778906218549595,0.999122055487888,1.0732242717964888,0.9129913893701547,0.939600569899905,1.0443852884452305,1.48599,1.47599875,1.472382222
"5,429",3650004.964029667,1.249931707569892,0.8338820586434542,1.1744577470846018,1.048130736541307,0.8448910804979007,1.4285964108785711,1.2542537840708865,0.7978330430823161,0.8085536144990073,0.8458349477995118,1.0300427204774967,0.8720410106208129,1.0055441488196049,1.0747714124924723,0.9075477290056373,0.940295986133354,1.044414537466431,1.50199,1.51957625,1.487373333
"5,547",3691654.140906087,1.252703590141648,0.8381043516568701,1.181313564097378,1.0490824832072672,0.8442568592824199,1.432896537418933,1.2524031309243027,0.7940007907818123,0.7998278320261041,0.8482592779285524,1.0285817463398208,0.8673121987222217,1.0101874850068366,1.0747483960182025,0.9002171562301503,0.9392364284410237,1.0462823493143165,1.51715,1.519543529,1.502562222
"5,665",3732507.9632089417,1.2555251027607945,0.8420596933642739,1.1860084101165351,1.0519498609079094,0.8461015868973514,1.4355769663211988,1.25165653774891,0.79134707473828,0.7900658845120878,0.8510325401353654,1.0286364235964447,0.8634972932529538,1.0135293635490634,1.0741504549769185,0.8928052618856189,0.9358752710816036,1.0487626288601617,1.53117,1.570396154,1.517735556
"5,783",3771429.4717178005,1.260289878267366,0.845345672348868,1.1906535441630173,1.0546615584921806,0.8475072740072259,1.4371825404171907,1.2507804311481332,0.7904152977249198,0.7819799263226608,0.8547813927003596,1.025370674420576,0.8614192090798255,1.0161761792622817,1.0728337620308763,0.8870567655738419,0.9327594253732464,1.051030737790421,1.54177,1.498328182,1.533365556
"5,901",3810143.553794994,1.264175461032733,0.8475964420761088,1.194869747024275,1.0567235204233785,0.8503499506880096,1.4372242349128488,1.2476451726223954,0.7905066975807441,0.7733933304707598,0.8611869280304947,1.0236495681318225,0.8609726915590218,1.0188273106488281,1.069233285672628,0.8829333141589226,0.9304609220056148,1.052031138908408,1.55232,1.518509167,1.548760556
"6,019",3847626.8176789368,1.2677597853603204,0.8506518650420424,1.1979172131869067,1.0592551708201796,0.853083887918544,1.4377356707350153,1.2460692793842838,0.7932487470267231,0.7666980318951843,0.8673095652784482,1.02023974302513,0.8595415905884314,1.020515562945305,1.0642762022451477,0.878004094419803,0.9287913746740465,1.0521037001031668,1.56316,1.546805625,1.564346111
"6,137",3886347.979128103,1.2722815201535969,0.8528467142786315,1.2011612740744881,1.063220931466123,0.8571494221553325,1.4375760066962096,1.2445500982387108,0.7964052117807006,0.75969855082024,0.8737749817965909,1.015508748962683,0.8591518453294962,1.0214560053850588,1.0562959889950378,0.8710519248099097,0.9290515912270202,1.0529131048096219,1.57412,1.494487857,1.579127778
"6,255",3925757.5866125547,1.2770012794957413,0.8541085773861289,1.2043814511985984,1.067457972863061,0.8615046999074076,1.4362901825448633,1.244063228874427,0.7987980745247513,0.7505192461258544,0.878528004056023,1.011529090155268,0.8587319567612304,1.021816596254867,1.0475404397441597,0.8660635735471857,0.9303743870333964,1.05467514138135,1.58713,1.529776429,1.593338333
"6,373",3965099.408659141,1.280017987992619,0.8560375587251523,1.2073256465600208,1.0720327619121488,0.8659016698483412,1.4344148390900142,1.2449892611029376,0.8012695134852696,0.7473126680360231,0.8810786597076654,1.006130916913479,0.8576655171242096,1.0188301985813522,1.0384574653304406,0.8630483199377706,0.9323566680353929,1.0561692191098098,1.59936,1.617553846,1.607293889
"6,491",4002138.8002834716,1.2831525430360269,0.8564321324152476,1.2082111944523244,1.0760794976773265,0.8703074746720489,1.4325945264443376,1.2448449034081743,0.804481987302534,0.7445066241655237,0.8829246427576113,1.0024047583604359,0.8569541149828354,1.0155938422958004,1.028385436358667,0.8611046259793543,0.9343448471345136,1.0584228985830162,1.61531,1.648186923,1.621907778
"6,609",4037988.9253260354,1.285665898927054,0.8562189119409683,1.2087701806784086,1.0790513473938295,0.8772146833120634,1.4304364541832546,1.2473937061836375,0.8060591019914747,0.7437555077508108,0.883949969909764,0.9979792204679162,0.8548360419927035,1.011109916957449,1.0192949813403127,0.8579775061400913,0.93786144577511,1.0611453543965774,1.63107,1.481670769,1.636735556
"6,727",4076240.7004691064,1.2874248215319435,0.8534744029528541,1.2107565195624634,1.0807973604991252,0.8874582391696904,1.4290517652306385,1.250425264327634,0.8094235955877892,0.7425978424866457,0.8837158852002164,0.9937155761543823,0.8513152022995518,1.0040416827880725,1.0104384576513963,0.8562789058180892,0.9406007876459412,1.0654686784010983,1.64537,1.70615,1.650329444
"6,845",4113951.244476644,1.2891512099229423,0.8497042528826909,1.214015234625706,1.0823746214169676,0.8968675579999257,1.4263905656223985,1.2542802280326126,0.8152798837438126,0.7384691867223514,0.8834675589638762,0.9880332375550557,0.8477128991749087,0.9984254411247193,1.0040368631679633,0.8523055997870106,0.942725600284347,1.0694125971179003,1.66401,1.671608571,1.663889444
"6,963",4151665.351770337,1.2918393372373218,0.8461021502749413,1.2168883288791146,1.0844561765089091,0.9068011869690886,1.4249009240701511,1.259683717713224,0.8210733506663495,0.7344442285881568,0.8830258010210056,0.9808170994913527,0.8440490922072085,0.9915620672397434,0.9972780083171991,0.846268113414471,0.9436618183981857,1.0749478533788621,1.68343,1.626730909,1.677201667
"7,081",4188287.232807038,1.2942246859527546,0.8422613727880902,1.2185537679318486,1.0858729632310524,0.9164456826976363,1.4219701162882556,1.2633966287880434,0.8291436418715615,0.7320459595535531,0.882344064775223,0.9734745798605924,0.840272041402464,0.9860736742197614,0.9913062449981495,0.8427986328551503,0.944364470003335,1.079670039968356,1.701,1.665745385,1.690715
"7,199",4222505.881363773,1.2950685373199782,0.8395450168349083,1.2202704979101733,1.0870738782134926,0.9240186684224454,1.4199164104174749,1.2668207492114087,0.8358274340359809,0.730086480152182,0.8814100727716004,0.9667818098222497,0.8373201061267561,0.9818035225897174,0.9840362888835625,0.8379311138288252,0.9469708920630919,1.0851047013730033,1.72041,1.756181538,1.704963889
"7,317",4255564.624124433,1.296218098644332,0.8370421221819887,1.2208289982650624,1.089126922556147,0.9316969915911593,1.4174608482725835,1.2703078360041673,0.8387413002900392,0.728569871542837,0.8803863963813245,0.9601244240265966,0.8361677783680616,0.9793407054659434,0.9763204330617605,0.8339006296318571,0.9510070439757113,1.0900124514335585,1.73757,1.725136471,1.719452222
"7,435",4289057.59253109,1.2968509108876305,0.8339828020374984,1.2237647205908755,1.0911948313897604,0.939088164658539,1.4148296818297927,1.2734586501527554,0.8406175751106865,0.726842110860313,0.8801244149595863,0.9553436792523323,0.8369631789645163,0.9770573066407086,0.9645781061067779,0.8294131706888449,0.9552762454031564,1.095961157318464,1.75303,1.646831333,1.733541667
"7,553",4321787.956485554,1.298842862069549,0.8317196191912429,1.227511140219268,1.0940599704349447,0.9449782645682846,1.411653260713115,1.276710349950895,0.8419453099270122,0.7242981025629928,0.8796668620640362,0.951249065898021,0.8365983195357574,0.9770148917703746,0.9513396202330627,0.8238169588303931,0.9595931320770597,1.1023865990396562,1.76872,1.628771818,1.747721111
"7,671",4355653.327327747,1.2996696947360609,0.8279698376243507,1.2340575568908336,1.0963153787903483,0.9494160587195902,1.4070556092741997,1.2801767885489592,0.8454983176033638,0.7223941726734563,0.8784677809725203,0.9463725077882911,0.8372284938024369,0.9769202095322321,0.9367986575605732,0.8196281331045879,0.9639699425058526,1.1097677087080449,1.78338,1.777052667,1.761228333
"7,789",4388867.194769629,1.299930902895007,0.8240825555155906,1.2409110056977877,1.0971163332183005,0.953537000014403,1.4012787011699075,1.2847733629935865,0.8480468793225183,0.7201644612011254,0.8774964123014194,0.94371590418188,0.8369159614120502,0.9776644045363424,0.9231885601785039,0.8162835246390029,0.9686952463711941,1.115705920865346,1.79906,1.685149,1.774790556
"7,907",4422155.650532559,1.3008839089057975,0.8203279691954621,1.2487408681184708,1.0974335762017606,0.9559311033161029,1.3956545174442805,1.2890941678550643,0.8499801673236935,0.7175535655932471,0.876346844226218,0.9418714184216649,0.8351964478799077,0.9782344803072341,0.9109720545052898,0.8132302049339268,0.9728554323781815,1.121885319799392,1.81659,1.820134,1.788118889
"8,025",4455584.9736343445,1.3021467159076,0.8153681904848219,1.2555731148891371,1.0964198607069344,0.9564828806342771,1.388956557625549,1.2932573434409853,0.8522058448393469,0.7165486641725858,0.8745614698275296,0.9433968799377455,0.832854734468966,0.977769400122508,0.9028449719081731,0.8111367425839443,0.9770596602181923,1.127556270526753,1.83171,1.828711875,1.801191111
"8,143",4486556.962131159,1.3036826292947945,0.8107567437946577,1.2612719861616377,1.095158988455432,0.9569250251422698,1.3813169459268808,1.2978252771112864,0.8536762947771149,0.714554613492796,0.8759326959736816,0.9463521709995689,0.8294704865934712,0.9769965627704327,0.8946835641935621,0.8107723651072143,0.9827052501463438,1.1310324829322018,1.84572,1.685182222,1.815062222
"8,261",4514202.8746775035,1.3052168823445978,0.8060169110524692,1.2679903331236553,1.095591527127245,0.956017425851431,1.3737222985594697,1.3014075305907304,0.8533378784710133,0.7150417121253018,0.876799424058905,0.9485039243538949,0.8274074414051928,0.9754706105966396,0.8862820108515146,0.809332787217386,0.9893178066876426,1.1339462546382864,1.86203,1.838621,1.830090556
"8,379",4542734.777299385,1.3074196697707374,0.8004245138429075,1.27470865513605,1.0965130118337463,0.9548526905009528,1.3662413766131105,1.3052449377847206,0.8535216210803876,0.7135845881648121,0.8785771082104408,0.9505045976869433,0.8278273449242165,0.9737519321632718,0.8790942961594315,0.8054274809740802,0.9960289325798866,1.1365669972211296,1.87681,1.853502667,1.844576111
"8,497",4570961.373861475,1.3098808717085815,0.7957880354778045,1.280796519508498,1.0976364813592159,0.9538427612739795,1.3586710122674754,1.3081856322287335,0.854019000737963,0.7116178194822421,0.8799827571611916,0.9534014563107691,0.8287447018592026,0.9716647088676276,0.8716471112299571,0.8012201637691645,1.0030425818659383,1.1399239548172808,1.88992,1.876754118,1.859005
"8,615",4601016.723732418,1.3125388774688658,0.7909982746662232,1.2878351902949,1.0990217755861404,0.9534081761641684,1.350664724879055,1.3119613332176034,0.8530388072772094,0.7091761906302717,0.8794881689570309,0.9555601577745011,0.8300028839436686,0.9708345455640309,0.8654449989550169,0.7977904085197985,1.0077323676350822,1.143797250806462,1.90325,1.861088667,1.872512222
"8,733",4628967.155523985,1.3137557109661533,0.7874397753915886,1.2932872093279892,1.101844421611564,0.9548772304244401,1.3434112289679225,1.3133362176869148,0.8515578379816404,0.7090792931952106,0.8781951987730134,0.9567109129442463,0.831885916004635,0.9691089927406439,0.8602877531734572,0.7958875093036611,1.0110772721873513,1.1477142197410795,1.91544,1.769161111,1.886701667
"8,852",4655573.71510324,1.3144034359764378,0.7824319386123875,1.2986360989183894,1.103947530242425,0.955076866223562,1.3361947267271699,1.3142869566052822,0.8508607749270056,0.7091110041037327,0.8774518260634505,0.957475059641784,0.8349424377956641,0.966401452412162,0.8568624206070429,0.7947176005568286,1.0148068076255732,1.1512383678875866,1.92943,1.917012857,1.901269444
"8,970",4682085.203697834,1.3146323603128967,0.7794778455526847,1.30342609739678,1.1062536041218058,0.9546423684383217,1.3281266301903167,1.3163124373582962,0.8504341051753733,0.7090429607188454,0.8767411863008188,0.9569076437709003,0.8364471028575189,0.9627861298418736,0.8550594101398511,0.7954292916407021,1.017419447210943,1.1555995892445763,1.94236,1.884211538,1.915710556
"9,088",4706551.331174888,1.31445441112284,0.7752032335291045,1.3086185948526867,1.1090744246736173,0.9520261119954397,1.3195408902804266,1.3187419718390736,0.8488357227616378,0.7084272870382258,0.8759312273973515,0.9571377081612513,0.839355308094064,0.9593706767711853,0.855356628296885,0.7997566163809849,1.0177195487300932,1.158826466616692,1.95638,1.899483125,1.930827778
"9,206",4729030.694394728,1.3155538120627073,0.7738771230506097,1.3119023511320393,1.1113762023061835,0.9496982733052429,1.3105251189465204,1.3199042254734692,0.8461935792550673,0.7084592392438994,0.8750215751667499,0.9568746670234827,0.841428851591521,0.9548462534896788,0.8573518435913542,0.8063224920943936,1.0174483495709568,1.16119245637419,1.97107,1.92859,1.946606111
"9,324",4750917.231673878,1.3176364038923258,0.7749958913687864,1.3134335808512165,1.1127102987185544,0.9471426268915526,1.3015298016592771,1.320769450512299,0.8453719744745817,0.7104536527794351,0.8728100900271295,0.9572469906898422,0.8425311567403321,0.9519381354757572,0.8576170651482035,0.8121979793667684,1.0171217922739026,1.1629541863484465,1.98412,1.954942308,1.96248
"9,442",4774072.03715628,1.318161395199555,0.7775634970379542,1.3139453721576049,1.112808247870169,0.944503579239913,1.2918988998549585,1.3230856132991906,0.8433534493097947,0.7125516286953204,0.8721127395469694,0.9575135584707011,0.8433559532568105,0.9497173019870753,0.8602018265702096,0.8177763939387936,1.0166247070902532,1.163894613044509,1.99632,2.033372727,1.977682778
"9,560",4800198.869104195,1.317875219952052,0.7799046132916643,1.3160936747579823,1.1141733046259932,0.9401023157974165,1.282922315113594,1.3268124515084707,0.8403270855292239,0.7140183351317649,0.8714225399767719,0.9569486766485655,0.8425741057540739,0.9483830329868435,0.861296526000209,0.822821077801811,1.0154537271569433,1.1664165199811694,2.01153,1.999407273,1.991505
"9,678",4827345.69161639,1.3181992584779625,0.780806035834265,1.3197615668767488,1.1155891599964813,0.93385451086766,1.2729623417432356,1.3288980985941747,0.8367937838512791,0.7167967561461535,0.8719885044584849,0.9559617690752871,0.8408566027626582,0.9487247100726108,0.8611562483977535,0.8273994626717472,1.016205124269839,1.169961232894807,2.02649,2.092236923,2.004753889
"9,796",4855607.817147437,1.3209412272019334,0.7809115090789235,1.3233661629576279,1.1161354358863285,0.927598249153847,1.2624454382065027,1.3300859791690522,0.8338321623877113,0.71776914085282,0.874601030933382,0.9542711196614376,0.8394904365570822,0.949384351732907,0.859737275808809,0.8324872065661123,1.0176664126789088,1.1731608802677524,2.04176,2.0496625,2.017391111
"9,914",4886047.975956702,1.3241672014741876,0.7797001956158066,1.3263959321810936,1.115464324827787,0.9191421383153084,1.2503473068364974,1.3323578017187703,0.8302092178277185,0.7194911153648159,0.878941530806619,0.9521733676165447,0.8397139829890939,0.950089301745973,0.8589235596712117,0.8386946251029405,1.0197508145814405,1.1763140097119824,2.0561,2.054098462,2.028977222
"10,032",4917704.928301106,1.3275234948076815,0.7777108050548263,1.329843220795423,1.1149688624424001,0.9115813464885223,1.2398145046045046,1.334483854102439,0.8259587249796569,0.7208835096102463,0.8811849246054081,0.9492493923957622,0.8404274415746572,0.9507599836799395,0.8584212273609666,0.8438549108897653,1.0235236149063505,1.1794581301794922,2.07036,2.049045833,2.039915
"10,150",4949827.018850159,1.3313258429260941,0.7773720617664612,1.331302455564513,1.1141008328459747,0.9052250077259374,1.228006057427314,1.3376162306297417,0.8227419347825242,0.7225942174060712,0.8836372149218589,0.9460877014728326,0.8406422828051445,0.9512919901698172,0.8598744133505842,0.8459637460257418,1.0277710882622217,1.1819338158933876,2.08423,2.171073333,2.050516111
"10,268",4983344.7094386695,1.3344742002077763,0.7776506236574876,1.3336209904824956,1.1128460482980536,0.8975807953724243,1.2171287849301389,1.3411469429230325,0.819813075145553,0.7249459659588823,0.8843037265055913,0.9417661305486743,0.8409715305385632,0.9537353782316289,0.8605918606384075,0.8474274248068766,1.032604219196188,1.1847846936214885,2.09737,2.125997333,2.060403333
"10,386",5016423.635477353,1.3374996781044999,0.7776543061444435,1.3359743602806466,1.111865726359924,0.8902987680539853,1.2054410225204828,1.3458646706573416,0.8181746398558591,0.7265168803734476,0.8825097259181245,0.9382274560672863,0.8421438844992014,0.9550754859688334,0.8618678960232019,0.8477331294496201,1.0368543400146357,1.1881677545191998,2.11357,2.069320667,2.070359444
"10,504",5047998.735484613,1.3406935795435913,0.7767520127708609,1.3370661234817127,1.1128068046574675,0.8821519101791555,1.192985438265029,1.349410742215739,0.8179055464485168,0.729566526338178,0.8803804071427086,0.9355786754945856,0.844340258354307,0.9566147161328363,0.8659166314693956,0.8472774892877907,1.0389642249928215,1.190019310801019,2.13009,2.07151,2.080785
"10,622",5079480.313423622,1.3444450043144507,0.7745343966556394,1.3381909588082315,1.1150925470659958,0.8730962105778852,1.181422807888299,1.3521961355935712,0.8184207733218692,0.7321394714679846,0.8782149440318826,0.9318253339759972,0.84610209596414,0.9574391160931044,0.8696568449162422,0.8465046296741793,1.0420787684578043,1.1924590624317772,2.14905,2.13692,2.091119444
"10,740",5111576.563319688,1.3481177909734197,0.772892350619001,1.340018144287593,1.116120532127173,0.8656946678290448,1.1686339152636522,1.3543900793492643,0.8185079075374094,0.7329399944328115,0.8755962153963265,0.9292857735804272,0.8498751775596252,0.9594805602329126,0.8727376736306899,0.8449547157014314,1.0445616341204689,1.1944721909897091,2.16971,2.115333636,2.101073889
"10,858",5146025.842464744,1.353269094567891,0.7714886650887338,1.3412791946264258,1.117668250641542,0.8599862640012861,1.1549179068002373,1.3568798822406922,0.8164007030949023,0.7340454705020537,0.8711258677011099,0.9264808969019395,0.8546316454380338,0.9619992136693888,0.8763174837202815,0.8444189070291579,1.046514278879519,1.1963352800333635,2.18733,2.117816667,2.109938889
"10,976",5181941.956444851,1.3571396769003192,0.7717953112689044,1.3415370757607774,1.118811902606231,0.8553579670710868,1.1420800999779344,1.3587489174412877,0.8147118011085925,0.7373669740312911,0.8658219795899732,0.9241976013630745,0.8591831220708845,0.9638752640656705,0.8785286138081619,0.8440005671500611,1.048281644232507,1.1985825373214303,2.20273,2.188971333,2.118105556
"11,094",5217210.714602585,1.3609523334454676,0.7723948948318771,1.3420199256077625,1.119261067077223,0.8503502085523925,1.1303899462506475,1.3614830609530917,0.8140387391265616,0.7409413994370798,0.8618691287293233,0.9228103712000151,0.8617271985346581,0.9660154529419636,0.8798309010738912,0.8429169227919916,1.0497679221844631,1.2000042319442683,2.21727,2.137254286,2.126404444
"11,212",5251442.637625604,1.364790113894156,0.7731398728896912,1.3424211874694159,1.120682325513697,0.8454694097323159,1.1187828048848527,1.365520105274854,0.8136040958704763,0.7461550988387133,0.8579067480120703,0.9190191199096374,0.8643601967050418,0.9693098961590718,0.8814026165203562,0.8414103381843826,1.0488043050088476,1.201727545195194,2.23006,2.163770833,2.135013333
"11,330",5287068.5478186505,1.3672372971432654,0.7747625375944996,1.3441485368977315,1.1194039439372434,0.8416958878735669,1.1066992339213204,1.3699805032477348,0.8134063824376867,0.7525207908299215,0.8538118667334175,0.9155146610215615,0.8676657879962336,0.9732303026873838,0.8832078503874256,0.8375351793341108,1.0482959628217863,1.2034950325285347,2.24146,2.130271818,2.142945556
"11,448",5322419.318202077,1.3692587620461256,0.7782776235020911,1.3460599356516376,1.116421467311218,0.840300773667794,1.0939909088622113,1.3740933078601165,0.8104977222830676,0.7609950208577037,0.8490013329198923,0.9124012216573717,0.871209981151175,0.978932731083713,0.8837982048373844,0.8325754935900536,1.0487652781334829,1.2050235178484,2.25099,2.1081475,2.150882778
"11,566",5359285.946247333,1.3719443391563628,0.783006193878826,1.3489901569721345,1.1141122799904362,0.8419113192647801,1.080015293620987,1.3802981440826567,0.80674517801846,0.7684922632299744,0.8456524785075576,0.9083114223894088,0.8730133795739685,0.9835951076798186,0.8849708952254984,0.8270205243861732,1.0477441860370675,1.2059479140180815,2.25735,2.206215,2.158123333
"11,684",5396451.0376682505,1.3754322716078817,0.7850921439384849,1.350266096809797,1.113395231683777,0.8452292839558537,1.0656310507491884,1.3851400368167823,0.8029071088370079,0.7777332893136388,0.8401736365831021,0.9066342880571068,0.874420223692052,0.9860021515814917,0.8873043629701164,0.8228305150461184,1.0485073273090348,1.204721354819976,2.26461,2.155753846,2.165126667
"11,802",5434222.917485461,1.3781824174899606,0.7866150160034738,1.3520390460863185,1.1123726753986063,0.8483541448371044,1.0525025212560124,1.3890989992648208,0.80017140634276,0.7853889074281017,0.8342247431030598,0.9064764840029206,0.8762629369089328,0.9885983009936946,0.8880024577477331,0.818435910569177,1.050087450631004,1.2050485188757745,2.26984,2.233164286,2.171791667
"11,920",5472095.80356495,1.3805404875264815,0.7896775623261638,1.3533553928887994,1.1115661460342081,0.8504465289937931,1.0378693639450793,1.3921450680105287,0.7963807215427259,0.7941705328935774,0.8293036193264337,0.9062828449300556,0.8775325226437054,0.9928776028133596,0.8902651500577141,0.8118773562032782,1.0522772129814508,1.2051805867836551,2.27615,2.169968462,2.178324444
"12,038",5509851.484112088,1.3822939817051902,0.7901194447658585,1.3547639680667076,1.1112670599784844,0.853678417101153,1.0240992225586762,1.3938732477736355,0.7928938941612875,0.8036799350951882,0.8254672649952387,0.905641475574216,0.8788485619517072,0.9963775693062998,0.8930309111615348,0.8050490247261952,1.0555000526645264,1.2055005439527846,2.28144,2.381462,2.184813889
"12,156",5549490.358016696,1.3832959105146054,0.7908067950924196,1.3566041789831587,1.109679717328594,0.8568762874267174,1.0103204154771077,1.395014086742788,0.7912047224030709,0.8148868689579432,0.8205163236004351,0.9047056034518839,0.8811594823096381,0.9985894057147824,0.8963870350484311,0.7973525256338536,1.0580426129192013,1.2075174974571112,2.28479,2.219178824,2.190489444
"12,274",5589745.611200306,1.3830409339912657,0.790388294308202,1.3590554299107236,1.10908306612748,0.8613659746754027,0.9976554415113789,1.3972854886578432,0.7898288942022895,0.8228394985963576,0.8161774272863689,0.9041333334792777,0.8838322889531359,1.0028987326950733,0.8993325233299236,0.7900141084993294,1.0619479081186913,1.2066193811007138,2.28416,2.246280769,2.195824444
"12,392",5630361.362941471,1.3855270980896341,0.7895818070654541,1.3619426733633244,1.1067449579915363,0.8641928186073636,0.9845538803790996,1.4000474889528367,0.788010505287529,0.829181732380154,0.8133799822558182,0.9028033786745182,0.8858617572923124,1.0055645850154733,0.9044927750093598,0.783683584833194,1.067929521914405,1.2051494605863846,2.28196,2.366067273,2.200942222
"12,510",5669272.4486508295,1.3883103754154995,0.7890893149767367,1.3621675996414908,1.1070544522371872,0.8680300285147777,0.9706460948316671,1.4023853493945018,0.7872954897545498,0.8350944121209009,0.8099527997083549,0.8984560643006375,0.8886731219177337,1.0086418562565265,0.9105641302481348,0.778905712526996,1.0732654362502836,1.2042844726735544,2.27802,2.350305385,2.20665
"12,628",5705687.440123277,1.3891011754177898,0.7883816508200358,1.3620423179518473,1.1077619647469894,0.8718040888154612,0.9558153525277359,1.4055062709934762,0.7891776103104156,0.8414562088432314,0.8064855472663851,0.8940201336503958,0.8906280462917817,1.0103521053251292,0.9165428101525677,0.7756349323431675,1.0779503310097476,1.2035002850119654,2.27667,2.2325275,2.213247778
"12,746",5744211.0364952525,1.3887041309935526,0.7882613629177269,1.3613544560919046,1.110329511448985,0.8758808495906364,0.9408200346811406,1.4085640892952394,0.7905469586095256,0.8477923517852392,0.8024654700039173,0.8881927241412803,0.8925156731712673,1.0111741799989218,0.9229919585011818,0.775254554077792,1.081013795145646,1.2041492322465979,2.27335,2.331511538,2.218964444
"12,864",5784019.878097153,1.387169793701554,0.787360813914825,1.3618480343463606,1.11249454792066,0.8804434748162316,0.9249280030822782,1.412388403234954,0.7924917386849958,0.8542317250436117,0.8005654794507858,0.8820079828408,0.8928269848285935,1.011598532636069,0.9274774162600514,0.7770367659061257,1.0843974662018774,1.2049154106362763,2.26874,2.296037857,2.224093333
"12,982",5821180.756349208,1.3849753498969797,0.782526435266694,1.3612291563284793,1.1140792135502005,0.8885923127643357,0.9106075978572244,1.4151159483928581,0.7943962486599174,0.8599812700259374,0.79997733652067,0.877274596111465,0.8937587808587084,1.0133727442818559,0.9326643104084216,0.7779161749389957,1.08803607181245,1.2040602349665508,2.26447,2.249372143,2.230166111
"13,100",5857607.194117511,1.383691051559217,0.779503230507967,1.361419983846511,1.1147132183901278,0.8984128642613929,0.8953534258397212,1.417713187513492,0.7945054761476762,0.865084313591798,0.7997892044252601,0.8728721247908016,0.8945773446767663,1.0135649961398663,0.9382788061188938,0.7765021932892553,1.0933621047070754,1.2031137246277133,2.26142,2.287800769,2.236442222
"13,218",5896501.29222888,1.3836561606935016,0.7756801594022849,1.3609600346592758,1.1145823394866534,0.9117885695801994,0.8780587295863858,1.4217069510677307,0.7945549480152485,0.8684655193719952,0.8011377817496945,0.8707749205634688,0.8967205923926531,1.0126588312354645,0.9424295150705553,0.7738236923368209,1.0975548628874439,1.2021107465472725,2.25671,2.350163333,2.241702222
"13,336",5934362.771209145,1.3827364186759445,0.7722080180529114,1.3609778942297222,1.1149336841266702,0.9235026193257349,0.8619744793782099,1.425275685382499,0.795004987859358,0.8709830093198336,0.8040054519763199,0.8683785473770459,0.8975212687819326,1.0114129971203774,0.9480511212242471,0.7685406651088046,1.1012859659916256,1.200815644337168,2.25959,2.310000667,2.247301111
"13,454",5970937.432316303,1.3813776058809977,0.7690345917934935,1.36003202225183,1.1158364116707475,0.9348291570640933,0.8476359510972269,1.4290537463270765,0.7965505535890504,0.8721399824264975,0.8068007536447501,0.867310167954642,0.8968146883246814,1.0097864447050744,0.9540223041093533,0.7644450313515978,1.1047679535330766,1.1983300023584806,2.26233,2.233495,2.253297778
"13,572",6011659.571602926,1.3811739823575246,0.7658512837887679,1.3588509159311195,1.1159601564858632,0.9458757451428977,0.8323192566539706,1.4339668717527916,0.7965607662894627,0.874103565748111,0.8097322431368186,0.8671835729264088,0.895882487052177,1.0081087283215437,0.9589547026726267,0.7595342879625115,1.109550637638093,1.1965933787588445,2.26298,2.361928182,2.257662778
"13,690",6056306.066422133,1.379164119954258,0.7640705110579087,1.360306392323685,1.1133235993459996,0.9575382751369446,0.8161838021763704,1.437407140174023,0.7967675013673059,0.8744959831061596,0.8102011258907712,0.8689074002303192,0.8928279445628082,1.0067136459773864,0.9651683791664846,0.7540366190416476,1.1163492387125307,1.1967132682945258,2.26557,2.262806667,2.260503333
"13,808",6105024.378504472,1.376370603085643,0.7636526005802889,1.359654679094079,1.111278509453791,0.9679438734250545,0.8005181654003398,1.4413980197267113,0.796777498803596,0.874236182792598,0.8109639235378445,0.8720640075759415,0.888353064004596,1.0043933176394926,0.9699634552516226,0.746293960687364,1.125603193919867,1.200996111600945,2.26607,2.284003846,2.261792778
"13,926",6158274.23648499,1.3747888577246783,0.7646653250198517,1.3590606560855365,1.108502495173037,0.9781046980632804,0.7872628219315289,1.44534145337768,0.7929934817352824,0.8739099308771067,0.8141160089776591,0.8761549830992428,0.8813386763660389,1.0005955454579394,0.9728946256144514,0.7378892994597273,1.1351935391344499,1.2054651667954355,2.27067,2.290735294,2.261412778
"14,044",6210806.46712986,1.3733500436668689,0.7639702035174022,1.3583152450806386,1.1054521308285215,0.9904143056237881,0.7738770811445506,1.4467280487077796,0.7894033840825718,0.8737472588860146,0.8181953183225634,0.8812195562465919,0.8782046636145199,0.99476187441922,0.9767706773345874,0.7272912060715947,1.1435629788915171,1.2088060566099657,2.28007,2.483143636,2.261284444
"14,162",6261786.165245822,1.370667727535883,0.7637571341402084,1.3580852813706572,1.1029318095902363,1.0024669614996236,0.7601944757690433,1.4475378205329994,0.7878545831373109,0.8735484741784749,0.8246879638968435,0.8846537401355193,0.8723854030118448,0.9896320727542298,0.9779404278619199,0.7164472554164956,1.1507049737964532,1.216200804177437,2.29035,2.297779167,2.261718889
"14,280",6309373.0212503085,1.3687178741394908,0.7631184685380631,1.3593919470866618,1.1018523991248514,1.0128771599080058,0.7480180471361882,1.4487309162779636,0.7856387892170581,0.8729758674623683,0.829408508314897,0.8864677345546599,0.8640862010675723,0.9858912472176672,0.9788516271217245,0.7068960866986987,1.1574685244301073,1.2215073776498675,2.30948,2.219177857,2.263362778
"14,398",6360898.923596759,1.3662631095666602,0.76294823292865,1.3608124697870756,1.1008722108845892,1.0200828022814181,0.7357798771211576,1.4522855117610696,0.7821928217098958,0.8750084251545208,0.8326468728421803,0.8883841385020995,0.8571161704186986,0.9833273393643983,0.9776888299097163,0.6982225849139209,1.163202458778685,1.226983368746787,2.32797,2.219042667,2.263579444
"14,517",6408139.163531037,1.3638082299757759,0.7637341478802727,1.3627364371252328,1.099786901321974,1.0247453717081552,0.7250165955244392,1.453913972703428,0.7794942261714488,0.8766351493931469,0.8377582345883337,0.8901859765047595,0.8480385376627303,0.9803636456396639,0.9774531483901393,0.6909799742156485,1.169476531494374,1.2293237158846442,2.35305,2.446244167,2.265322222
"14,635",6451896.565603226,1.361176287642157,0.7661658279792288,1.3640692889720512,1.098284645615638,1.0274091239172083,0.7161105682168987,1.4547633037475753,0.7765975170578904,0.8786081943233741,0.8412891942338941,0.8944561057072494,0.8378848919916221,0.9772563533878897,0.9769286933748936,0.6843530524325705,1.1752116328543751,1.2312518758808628,2.38215,2.371441538,2.268247778
"14,753",6496853.92533459,1.3600763839200785,0.7706006105334026,1.3650008445310684,1.0947046704165804,1.0295431328229725,0.7054459046547985,1.4543984779626373,0.775877212179691,0.8812649647753706,0.8463602063899325,0.8985445438462192,0.8240404465757504,0.974882402301953,0.9764619870502951,0.675731065437172,1.1800388120055874,1.2335608024278277,2.41917,2.188076667,2.270714444
"14,871",6540890.453539757,1.3602901594464298,0.7776993306892797,1.3647995905651529,1.0902297966049976,1.0328006666207983,0.6939735879597819,1.454999482390328,0.7736797678215557,0.8822828255874391,0.851040352266157,0.9001396872960948,0.8121430239295384,0.9740670684314199,0.9743251701968222,0.6679103511384146,1.1831932956285607,1.2361578405132154,2.45999,2.356879167,2.273467222
"14,989",6593186.672402673,1.3615589554494212,0.7857295804314399,1.3670319992726763,1.0858915761670904,1.0362801418813536,0.6846190671395324,1.453524656875937,0.7695910006724404,0.8818911527996525,0.8547685204423984,0.898728550676104,0.800978832482769,0.9747233913442266,0.9715416232804566,0.6580792025485368,1.1876450823669842,1.2396978287572937,2.49953,2.292657143,2.273331667
"15,107",6645096.258659301,1.36196852332405,0.7919754795488803,1.371585206445797,1.0817148763587214,1.0388823011041328,0.678773273639662,1.4506477567994405,0.7654734177450657,0.8829282812764718,0.8596987555711663,0.8978301028200577,0.7900121210080421,0.9767320881984136,0.9668245692834063,0.649409539456612,1.188724330874091,1.2446828966045225,2.53232,2.086398462,2.273345556
"15,225",6692141.693944448,1.3627295085222257,0.799242461876282,1.3768271308631748,1.0779583735667904,1.038941505588647,0.6722982179913224,1.4479949263333918,0.7613310461464853,0.8868677100820498,0.8646352647497927,0.8976883807843405,0.7794607219438915,0.9780100271718174,0.9630371638746871,0.6400986479105447,1.1877868719979485,1.2475949405973785,2.56892,2.297223333,2.274996667
"15,343",6740979.339724547,1.36260483102912,0.8042303600344004,1.3846485987001502,1.0747279481629897,1.0373410774877958,0.6685866455015653,1.4445191318151922,0.7574037194679067,0.88892521979113,0.8706877925408624,0.8947718261623961,0.7702265238116158,0.9792181512261561,0.9582151610177747,0.6329657219517566,1.1868313260779366,1.2504877052469938,2.60663,2.26336,2.276019444
"15,461",6789400.400395958,1.3606181662800219,0.8091254428276747,1.3903533755277702,1.0698299551710255,1.033327038826547,0.6655840601065431,1.4426668360156893,0.7524768387285687,0.8914984656785936,0.8789659038384142,0.8897537496212043,0.7617317374506661,0.981420920921926,0.9567528976192361,0.6288173642733452,1.1858027591535778,1.2508498735211018,2.64611,2.408928333,2.277167222
"15,579",6837030.781253491,1.3576039574620014,0.812000619965258,1.3955278916885752,1.0669674426951807,1.027660530756458,0.6637546214703712,1.4403045918845998,0.7480575145192927,0.8923395046556625,0.8865864297983788,0.8844033552527676,0.755485423158116,0.9846163209619226,0.9565489662594986,0.6259132521278569,1.1845281857313652,1.2509662032064968,2.68474,2.307297857,2.278562222
"15,697",6883402.200514378,1.3544362726124177,0.816522928682698,1.4017014401587884,1.0615392665422807,1.0235483853563396,0.6586898491875678,1.4396805920547042,0.7468156517128269,0.8944871147407751,0.8916021703527267,0.8793961345015291,0.7488832780903403,0.9876862532229509,0.9561110125154114,0.6209793304648821,1.1837516863788007,1.2512245939500928,2.72363,2.23301,2.280369444
"15,815",6930535.346507738,1.3510286837088095,0.8190825203251066,1.4062119734981782,1.0571607938252388,1.022692287297507,0.6539088307144646,1.4410675512522664,0.7452014175251283,0.8975163473291871,0.8969384313754841,0.876571837119916,0.7404224574249213,0.9895403814608257,0.9566889708504823,0.6139971673620668,1.183477057439646,1.2498095015955608,2.76119,2.156839,2.281887222
"15,933",6982143.235369433,1.3483792560042676,0.8234920689567239,1.4109721489617681,1.054331674934572,1.023062739184297,0.6480531680222043,1.4419006929645681,0.7438931978340758,0.9003646421441015,0.9010882696884087,0.8732370565675535,0.731559271016257,0.9895914198010433,0.9557632503151184,0.6056222907469722,1.1833981297093528,1.2499224087440852,2.7993,2.368969333,2.281921111
"16,051",7029797.861383909,1.345078957392151,0.826459668404022,1.4165310178872204,1.051919221980037,1.020589482565111,0.6430281678530889,1.4426064875847446,0.7447562443349152,0.9023856842064679,0.9048476533557256,0.8712399967521041,0.7218085476508644,0.9899886791854158,0.9525185501779334,0.6023254799823549,1.1818134759776597,1.2519477205431464,2.83453,2.302406154,2.283237778
"16,169",7077977.609335243,1.342426497971617,0.8301309520774658,1.4241786970225119,1.0488645100289347,1.0162632522758785,0.6400661816011198,1.441954515683108,0.7433155125471665,0.9053540361588085,0.9067116379226531,0.8727879016506923,0.7077279558688077,0.9928786975513972,0.9474817871520158,0.600561187069815,1.1813911305113658,1.2530097193038339,2.86948,2.237089412,2.284367222
"16,287",7127456.354884451,1.3414701368371935,0.8344149281112264,1.4298574764649605,1.0467654830402613,1.0095705988652781,0.6409477643028971,1.4384245756520915,0.7394780112849212,0.9075227531484081,0.9090506045441137,0.8733956993329002,0.6954423114797622,0.9948713644207424,0.9425041508980683,0.597035094549725,1.1832375625705098,1.254807589106872,2.90756,2.230555714,2.285078889
"16,405",7177444.938856336,1.3384315461676672,0.8371413268451869,1.4337945230862945,1.0472423228405259,1.0013624485331698,0.6443705554679513,1.4324323002766164,0.7366828485510579,0.9064565349202591,0.9088153249479948,0.877543828528276,0.6820955168215306,0.9985496651005216,0.938179107780929,0.5957033790872764,1.186518158039462,1.254361549371007,2.95186,2.222472667,2.285604444
"16,523",7228599.775474493,1.335412838888803,0.842616497848783,1.4374632148985902,1.0469857312924336,0.9958151983798874,0.6474083724769276,1.4286155858494427,0.7339397301433956,0.9024992123754341,0.9057678324162051,0.8820932489678908,0.6710173618695162,1.001984318228787,0.9316472557523213,0.5966487893166593,1.1902205167380941,1.2526170666946632,2.99073,2.374846364,2.285753889
"16,641",7287592.318556165,1.3307559616502076,0.8446386112564175,1.4424828883313912,1.0447389923730284,0.9936962223373631,0.6472490659278951,1.424188800601237,0.7332417560878669,0.9016828029778575,0.9036190288436652,0.8899798557986907,0.6579935170504925,1.0068391352999624,0.9232840683919457,0.5967928356590049,1.1933476946106718,1.249076332941109,3.03168,2.290369167,2.283442778
"16,759",7336878.500751423,1.3244868003209527,0.8434135286428479,1.4496263294005538,1.0447314755424009,0.9931580878202079,0.6439693508465338,1.4168910439758629,0.7376260516745573,0.9018225674226761,0.8994065043618612,0.8942080364086993,0.6456742637486759,1.0127060040791596,0.9152826116255611,0.5953682814959254,1.197660950580134,1.247903410349912,3.07752,2.233385714,2.284186667
"16,877",7386327.213415504,1.3186906802644147,0.8398956052569093,1.4553549743852632,1.0430821970880415,0.9915508062922553,0.6401621597500344,1.4097800097190745,0.744981222311414,0.8984575077926795,0.8949699174304262,0.8977384295824065,0.6342381560202628,1.0189137239386714,0.9116245897832781,0.5952172436836223,1.20382536204302,1.24633656236748,3.12206,2.293224615,2.284883889
"16,995",7436869.764876351,1.3139794725445357,0.8366512098854498,1.462070997552594,1.0377510266610688,0.9888353266775358,0.636107154554135,1.4045695864239576,0.7548480737935328,0.8932790276824927,0.8909209467141447,0.8971766747894865,0.6233181748220226,1.0253092804505664,0.9078050782284255,0.595899286046631,1.2112350161198846,1.247027227457575,3.1637,2.360985385,2.285222222
"17,113",7490474.37306623,1.3091905470012386,0.8313997736822724,1.4664516152244367,1.0316376409596524,0.9868892057663103,0.6321205064367,1.3978566680736015,0.7654508480448885,0.8917936452830574,0.8870844458626248,0.8925495646579638,0.6152530919158822,1.0319037003637346,0.9067656005960684,0.5979293247014871,1.2163550819119882,1.2483617628340995,3.20358,2.184549286,2.284621667
"17,231",7550674.834956763,1.3028879111478526,0.8240120747684103,1.4714576909992052,1.0274699022155462,0.9850107514074551,0.6267548716982897,1.390699268183954,0.7764149209602713,0.8911176121172452,0.8830332735663304,0.8898104406915784,0.6097324902952985,1.0374688069819789,0.9040907964542738,0.6008683585617675,1.2204991831848477,1.2499874132597004,3.24058,2.355610769,2.282034444
"17,349",7607366.798438655,1.2949502354279876,0.8174048213890116,1.4757153806759131,1.021039874208459,0.9847049426530919,0.6255213909645045,1.3824332832900466,0.7898331235646355,0.8910878914430149,0.8789597350531251,0.8885959326950372,0.6057779654346408,1.04469561286328,0.8998644348867689,0.6019024552103716,1.2233470384569627,1.250096480078728,3.27371,2.190603,2.280539444
"17,467",7673998.014366023,1.286876386388274,0.8100045852932848,1.481260044509195,1.013810265545289,0.9860951059585611,0.6258726855888745,1.37426099776784,0.7997862027176915,0.8940276131134608,0.8773199662942829,0.8847122265070838,0.6024136947551311,1.0511226896983388,0.8949349670526475,0.6036446212852711,1.2246769280022767,1.2489432092090125,3.30467,2.362819167,2.276127778
"17,585",7733020.383935323,1.2803459087925704,0.7984311364793669,1.4883006318093974,1.0088905605162413,0.9892806390732556,0.62316499743407,1.3671125262392472,0.806716772317422,0.8998144624390897,0.8705363990539547,0.886638200389989,0.5988706659594846,1.0550502695524935,0.891382349553821,0.6043287430181757,1.2270903477610842,1.2452182698735308,3.34411,2.202459,2.274014444
"17,703",7787401.379593621,1.2757143320232025,0.7837654299248139,1.4947372689489808,1.006692724474914,0.9927379349964666,0.6200255698091008,1.3589587806346175,0.8107799026140292,0.9053062299342768,0.8634994850098361,0.888443859950136,0.5981692640155819,1.0621093228968423,0.8860280911797805,0.6049883522143404,1.2323173014789806,1.2401927501025205,3.3811,2.253488462,2.273287222
"17,821",7857443.290275693,1.2706408985001465,0.76883278488139,1.4992929137678503,1.006816964091884,0.995761939286122,0.6174961031694611,1.3523010526101797,0.8156713016320847,0.9114127518743477,0.8545889271463456,0.8878933266698612,0.5992091018322016,1.0673837139746738,0.877456239813397,0.6076312378550323,1.2402296632043508,1.2346755988190095,3.41283,2.167693077,2.268040556
"17,939",7931457.3287357455,1.2656928800071814,0.7570383170928285,1.5064671659970514,1.010880220079768,1.0014436275496954,0.6145038828424256,1.3468018756939208,0.8205561434965184,0.9123546119724388,0.8470430075304949,0.8859357229867301,0.598721586798151,1.0726631930682178,0.8681743978719036,0.6095546629388766,1.2433898665561016,1.231869227724091,3.4362,2.311538571,2.261753333
"18,057",7999134.711150886,1.2625180453858145,0.7415777142897368,1.5138543843542676,1.0142510415936627,1.0076933359015066,0.6107102867511228,1.3393497765308895,0.8268232261083907,0.910710454753855,0.8425656916068331,0.8835759160477852,0.5977768687530352,1.0797241723627695,0.8612661148240139,0.6142834908332298,1.248008352369457,1.227109430416535,3.45554,2.325871429,2.257381667
"18,175",8064421.365546819,1.2595714187503695,0.7284401688706077,1.5188392721340203,1.0158904024791795,1.017295514406032,0.6052237070664036,1.328491799052138,0.8314430751551347,0.9101724669696577,0.8422459029043453,0.8800434176157136,0.5975539362846601,1.086341263425953,0.8565572291600309,0.6203080123305693,1.2488142209546298,1.2256496726871269,3.47047,2.058032,2.253738889
"18,293",8134619.212179593,1.2551093787935725,0.7176390642972862,1.5237784861808203,1.0128493623267338,1.026948797681434,0.6022316556559973,1.3200323571892627,0.8354005875754901,0.9078106612336566,0.8421938904164359,0.8758677875039252,0.5992275324064571,1.0954792833633036,0.8444991205394549,0.6299647547494783,1.2544895293540859,1.2201747940612209,3.48407,2.140504,2.248796111
"18,411",8213901.650120398,1.250136050471439,0.7150191025504384,1.5290583281685748,1.0102056854546142,1.0361605792878867,0.6032847123457675,1.3156553085153746,0.8423611701344068,0.9064514243824003,0.8378492606926806,0.8712408263116785,0.6018679276650655,1.105843447009373,0.828147528252917,0.6368816607838079,1.2568442277662282,1.2079577727788482,3.4931,2.360250909,2.241456111
"18,529",8300119.90005421,1.2488927939540158,0.7156878210419526,1.5365944069339972,1.0098738430646284,1.0451888082042617,0.606877177636528,1.3082052681670793,0.8543068493683834,0.9014919372224848,0.8308775829690946,0.8634192745667729,0.6036628367428201,1.1184919185222881,0.8096465170402617,0.639190574199694,1.2600450080347578,1.1957520847447167,3.49509,2.182126364,2.232389444
"18,647",8377402.646308129,1.2440693987060556,0.713360478360569,1.5489097982728148,1.010000000561208,1.0538191621834418,0.6115955892464366,1.2977999927907475,0.8622947212180931,0.8978334914686469,0.8230595667427253,0.8590926270973335,0.6091895161716396,1.1357598070738983,0.7890390567645061,0.6458587335187875,1.2621188238123158,1.1798835764159612,3.49572,2.236135385,2.225892778
"18,765",8459889.29765,1.2394879692232588,0.7192086770785867,1.564319930062025,1.0039104554799159,1.0596133773716079,0.612219050876423,1.2947138179264972,0.8709312882307696,0.8919739360331952,0.8126061254416997,0.8582190399396378,0.6169321662758168,1.1478545550061245,0.7642520472919182,0.6577419604039112,1.2621132928117365,1.1678915337535443,3.48375,2.245856429,2.218137778
"18,883",8545751.29216851,1.2318618135033352,0.726054841278707,1.577151240754227,0.9971046502264486,1.0651227132818453,0.6152559883613893,1.2918658750752618,0.8802241439277992,0.8918257018553423,0.8003913681263369,0.8532573104912367,0.6254224144052158,1.1636270734344274,0.7379039075181788,0.6713488336747043,1.2630729963751322,1.1520618430760765,3.47237,2.086184286,2.209659444
"19,001",8627669.228382727,1.2257804614008727,0.731077925523288,1.596234648969944,0.9920292618059664,1.0730274048864454,0.6213010685810465,1.2955505319917708,0.8846596527853152,0.8941610644485758,0.7872670258985383,0.8491351897853914,0.6255212486296078,1.1803856511325403,0.7095157455269714,0.6866111629245484,1.2643192265747474,1.1336469697861224,3.44704,2.211856667,2.202356111
"19,119",8699086.397924941,1.2229302815084864,0.7357104870661267,1.6150616667950786,0.9877387375919944,1.0741402751893379,0.6309131716413834,1.2997049972888732,0.8892437995790764,0.8969857152961934,0.7734468139065815,0.8394278356427227,0.6235124233246129,1.1962606705258183,0.6823000482346515,0.7028866025496378,1.2663802528399195,1.1167529627384611,3.43352,2.170422308,2.19784
"19,237",8773970.168413637,1.2171419383095516,0.7500489251209574,1.623766738914319,0.9877035366980444,1.0787789802581664,0.6373953446084641,1.3048704843784653,0.8963820959735557,0.8981405533482973,0.7618928970739068,0.8268201433472789,0.6241296202868593,1.210380135661745,0.6544258640105888,0.7170545108652852,1.2633239839618868,1.1034881368980536,3.42071,2.011114,2.192542222
"19,355",8825890.317384738,1.2075778923215983,0.7676166326794367,1.635387332354873,0.989962588891378,1.087671388852811,0.6390503097996102,1.309017533195102,0.9025777731710832,0.8944818335834014,0.7502334361533272,0.8177595606139827,0.617160042290898,1.226818291303792,0.6343992370456193,0.7255732845692413,1.262327242334072,1.0922522395502707,3.41235,2.055351818,2.193013889
"19,473",8847829.065952811,1.2037574211905508,0.790128511350492,1.639927383687031,0.9941019602864011,1.0940544698051335,0.638519717458925,1.3193587952540737,0.913137318550693,0.8928754942721249,0.7310659293543531,0.8119531551417988,0.6096382182391813,1.2314797656685983,0.6204136536718522,0.7206384125721567,1.2663751161617764,1.0867010976230058,3.41435,2.184009375,2.200912778
"19,591",8849249.79745285,1.2052407313504319,0.8146840035355534,1.6431081687442588,1.0021852077252782,1.1013529033785296,0.6307557069914735,1.3277527192457854,0.9195091068192008,0.8884938407753046,0.7144029591187155,0.8079420983888905,0.6031456842237876,1.2317209806926135,0.6072045027502428,0.7171582605817002,1.2692302864483351,1.0843131839120854,3.42397,2.180945,2.213893889
"19,709",8853322.081684383,1.205264757270672,0.8393408825337901,1.6457958553808343,1.0087673092862828,1.102584751805783,0.624918594399373,1.336015827632658,0.9237858233149807,0.8851305553112281,0.6988948106524672,0.7975586077547281,0.5954353736553762,1.2378603620831532,0.5962644951663932,0.7166335026322899,1.2784054456845342,1.0783533096348386,3.43534,2.195915625,2.226203889
"19,827",8861821.502972249,1.203325483815617,0.8695574332737326,1.6446252089314937,1.0139877595382105,1.0994115259707498,0.6235849541306132,1.3446319865852887,0.9292749272211734,0.8785174705632541,0.6792640404602828,0.7943915279185445,0.5960146568199257,1.2441517301862666,0.5818981514112055,0.7131024669594435,1.2895042931343375,1.0692630211093077,3.44351,2.127591667,2.237395556
"19,945",8876881.106257822,1.200860635776458,0.9022254896817403,1.6389776894591521,1.020093940160944,1.1018320440843636,0.6169792429500158,1.3498390581597113,0.9367272052653672,0.8725877370311196,0.6603084757774058,0.7890977672139732,0.5958764733186422,1.2553690054668305,0.5629491315281829,0.7074179534114359,1.3085231318953878,1.0623890712532698,3.44009,2.441049286,2.246892778
"20,063",8894501.011188734,1.1973778038575043,0.9316736149564138,1.6307148756491718,1.0229831903667437,1.1095842604320132,0.6091373539117471,1.3558550928318873,0.9484229681510323,0.862226315367602,0.6376677003996515,0.7944901599514557,0.5978301914087786,1.2659702100362211,0.5398642724312028,0.7111301878351911,1.326612634764642,1.0539369371674432,3.42231,2.139890833,2.255708333
"20,181",8879692.494655712,1.1890812980604788,0.96284913788469,1.6200870015600215,1.0208745495436446,1.1161009972061908,0.6007747727965428,1.3600798774574179,0.956219158567716,0.8548425853309184,0.622051178556161,0.8019275969440511,0.6013706738074348,1.273896481549946,0.5172375933503813,0.7262945042419305,1.3545964729484723,1.0385414585986463,3.39774,2.145540667,2.272758889
"20,299",8865246.475043625,1.1817220974537288,0.9998607542592666,1.6055554372342595,1.0117867280493926,1.1231544400962101,0.5945333171221314,1.3590185284495406,0.9604863913125257,0.8517662115845914,0.6117647824863961,0.8145646992616145,0.603776303816189,1.2803364509683517,0.5013931290662091,0.7432232171238152,1.3823909539471728,1.024854672992841,3.34488,2.277050714,2.289772778
"20,418",8844966.718499096,1.1767347549295983,1.0328928085312898,1.5982052888932239,0.9932535688651926,1.1229537932190976,0.587688830956971,1.3585719959891165,0.9636500102742739,0.8442783709347856,0.6097676267835342,0.818977884567716,0.6100874184132852,1.290253772505968,0.49104947766807666,0.7598385403358189,1.3950511398285323,1.023566072074554,3.30851,2.256338571,2.308375
"20,536",8856912.717566457,1.171755937956518,1.0595533594865334,1.592927591361385,0.9605825281855419,1.13591655858713,0.5827246053757695,1.3630228734689886,0.9626371807344348,0.8341042266160333,0.6132027449574492,0.828056135396465,0.6087164727306206,1.3018156659850617,0.4947226921065492,0.7816158239297217,1.408208867850788,1.0083196830182388,3.25,2.442575833,2.318584444
"20,654",8843292.602746064,1.1677783717886459,1.0826740054567483,1.5877195023358006,0.9303629803735645,1.1468292599226897,0.5819596881684913,1.3539521025399968,0.9597973276821701,0.8279648916187455,0.6092883846695938,0.8318599865062926,0.6233659760391206,1.3056009431090179,0.49605090521284606,0.8141353864492014,1.418147184955346,1.0011369916027817,3.20006,2.416543636,2.335498889
"20,772",8828179.587605206,1.1682043114701433,1.11086092431932,1.5799503020896009,0.8942005587492355,1.1620345406700825,0.5819191391004169,1.3386640809372403,0.9518383669192386,0.8205708582507735,0.6003631089253925,0.8374001356792793,0.6455413381546232,1.3143047914158064,0.5008477634395803,0.8410740491350484,1.4266791988388252,0.9849039249850465,3.17318,2.361855,2.352863333
"20,890",8862749.278241556,1.1706555324185879,1.138843418283163,1.5757009477084833,0.8642391629313485,1.1669955292414653,0.5781400955283401,1.3400227540268888,0.9300957116957475,0.8143619365747075,0.6010701508173274,0.8410640960072131,0.6593511007550983,1.3231690929607398,0.508106210442107,0.8689869709578684,1.4252741514220144,0.9803412522804832,3.11453,2.226544667,2.357
"21,008",8917862.261449037,1.1600637422752942,1.1688590269903183,1.5700020234351184,0.8519257906412794,1.1682411686519176,0.5553717212075684,1.3458611173828707,0.9133280566924583,0.811355442485514,0.6038529673463208,0.8686922543131006,0.6807600410297594,1.318432022363986,0.5262973290773977,0.8698189863030537,1.433355104375064,0.9690312612096263,3.04501,2.279546364,2.355676667
"21,126",9046924.926587746,1.1535176517939043,1.1930441380255161,1.5718835603863326,0.8243588101193418,1.1639297231819659,0.5142088404409717,1.3458802356690436,0.8966438863346066,0.8115968533415655,0.6088706645847204,0.8956856811745003,0.7112032318008138,1.3067583412024595,0.5601766766811631,0.8976616945417415,1.4369325584965882,0.9380460379014512,2.98527,2.316850714,2.335113889
"21,244",9208865.833009426,1.1113248172704009,1.210961752105963,1.6037604781930397,0.8140886490894256,1.14068215076305,0.49764366707302415,1.3601901898952378,0.8691824437618031,0.7803932833189299,0.6314556972444078,0.9285151518919984,0.748011424821331,1.3073634584552047,0.6004369588586708,0.9154299482589437,1.4362230865462597,0.9291637629102871,2.82667,2.187385385,2.306863889
"21,362",9433294.052442428,1.0754938595050592,1.2181347397839761,1.6215338260486447,0.7913489161043719,1.1256081777451585,0.48116185329160116,1.3546907388601306,0.855705078170748,0.7822958301898378,0.6845657721943753,0.9472808774995702,0.7951108392970457,1.3143354804430418,0.6139335294092914,0.9196297137755945,1.433011925379087,0.9087937379388291,2.6938,2.327132667,2.26449
"21,480",9616843.842411835,1.0400913653668218,1.1863654094005855,1.6142079529574207,0.7499360315882512,1.0802443936701458,0.46628959607498116,1.3448536309983237,0.8475720442512485,0.8497772849300913,0.7422758303776977,0.9634520133815919,0.879420576053085,1.3351541922034953,0.63040585282453,0.8928395224470885,1.4255809018529644,0.9085330178861616,2.5837,2.296487857,2.233539444
"21,598",9678100.214785995,1.0129324944313873,1.1776572079133607,1.6097800603375143,0.7147227462999285,1.0346942265160721,0.4673904562253894,1.3603963224695237,0.8676151328833758,0.8877959865058784,0.777126828782302,0.9304188592862958,0.944772928994628,1.4223591431726923,0.5894198266316452,0.8999985618123789,1.423959623005827,0.8669692895104619,2.51247,2.0391,2.231595
