Genomic Distance,Column1,10th,11th,12th,13th,14th,15th,16th,17th,18th,this work- Trajectories,2nd,3rd,4th,5th,6th,7th,8th,9th,avee1
13,13000,1.0,1.0,1.0,1.0,1.0,1.0,1.0,1.0,1.0,1.0,1.0,1.0,1.0,1.0,1.0,1.0,1.0,1.0,0.09
118,118020,1.2267021572978978,0.8996342614702284,0.9755027566352205,1.0545882080546234,1.0618865281401269,1.1783135799856839,0.8735087554451435,1.2175282942590193,1.1528946170178231,1.3016689278878315,1.260173698896595,1.0462279721286933,0.9934436598332963,1.1181638902374962,1.2094115490667965,0.8543618295719795,1.034576101558471,0.9133029505687091,0.220814278
236,236040,1.140427632179008,0.9392302569751043,0.9902884337666326,1.0390179915370998,1.026728946526447,1.102708547937351,0.9592630679707829,1.1304453466389954,1.1068205992354014,1.1675050711847699,1.1538361002530024,1.0411397389725146,1.0117772959579596,1.0548236288971065,1.1879129616920758,0.9119668620670289,1.03698118978206,0.9528409933450345,0.317634667
354,354060,1.1020063491470873,0.9425795855614508,0.9949403768795794,1.0353672827275298,1.0223799287203847,1.063668111095823,0.9763921094837793,1.0851021994896268,1.0717527122658002,1.1323481782475677,1.1189717091801794,1.0473119869342244,1.0241799465011918,1.017139637943336,1.1706848144296333,0.9435383022923691,1.0282741049493807,0.9872403833108969,0.396572444
472,472080,1.085251629474824,0.9387516219247936,1.0186859568586653,1.037527138008276,1.007230488149899,1.0408164073609703,1.002386056993679,1.048651093130645,1.0552583207621054,1.114800658188659,1.10152837476485,1.0441709803970296,1.0259760112071878,1.0046165570664478,1.1505268332549958,0.9504830510534901,1.0171769668855846,1.0094163018548143,0.463728722
590,590100,1.0660005442774574,0.9357696768193898,1.033780327094987,1.0211883031412037,0.9884331097004896,1.021981807132665,1.0135099604648272,1.0283423329439916,1.0437164119878952,1.0996313529634292,1.0938276167883128,1.0430581946123803,1.0260093921149782,1.0047679708211528,1.1487271042082878,0.9671927886698825,1.0103785199066997,1.0324513421429324,0.523410944
708,708120,1.056245479891102,0.9360947901677658,1.0456823132238482,1.0134008997128394,0.977636869967981,1.0074885775775675,1.0167855127753067,1.0238481016128724,1.0478617918937885,1.0885856933623115,1.07286464689086,1.0378183360252093,1.0373529820731258,0.9929439205241083,1.1473771207989778,0.9767419359892587,0.9996810520038243,1.046563345755326,0.577044222
826,826140,1.0446017267636056,0.9400467623682873,1.0621457922149087,1.0004914792684616,0.9754621095022122,1.0008617218129199,1.0131339773093202,1.0286659533262221,1.0567387373132138,1.0801356972021368,1.0563446179374019,1.038961106312197,1.0445012043599333,0.9862076476598797,1.1472468502331497,0.9805094335961374,0.9793968979909863,1.0493936054389261,0.624803056
944,944160,1.047898610548044,0.952201587873157,1.080982850239026,0.9925160674594082,0.9758922391902295,0.9946372682812687,1.0060943967303106,1.028465675190381,1.054579654270724,1.0726004366887145,1.0432294522638395,1.0478129493041541,1.049434843511991,0.9787769497968742,1.1340071641448302,0.9850758727526934,0.9557237674024026,1.053125576287563,0.668644222
"1,062",1062180,1.0429819899097956,0.963976786491675,1.1032752742169811,0.9882005013614608,0.9756252723085965,1.0048871790304725,1.0006595289690605,1.0233500511832991,1.054113527850674,1.0686515180657525,1.0300221581752125,1.0508802484227635,1.0469400531098045,0.9693730146632539,1.119760284394782,0.9912639536526562,0.9353312515012455,1.0581386771698147,0.708728778
"1,180",1180200,1.0442840597103544,0.9745508294548723,1.1201422488122956,0.9840557085755371,0.9746442500678054,1.019532492151863,0.9947213856110892,1.018965086478073,1.0559241987144654,1.064629894887122,1.0185285789615335,1.0584932804134448,1.0366581869880531,0.9653861351876186,1.106024445375313,1.0020148361102217,0.9141430668552251,1.0538130083183888,0.745200833
"1,298",1298220,1.0421416126789373,0.9858529866546534,1.1344061032531851,0.9816484373626927,0.9759856700327305,1.0303318737343408,0.9942751882565252,1.0156134024885093,1.0561619833972649,1.0594875156842904,1.0078138388714295,1.0704818912196277,1.0277686337406224,0.9622505117629967,1.095533922408653,1.0057397188399706,0.8963093802188522,1.0472361722813577,0.778669944
"1,416",1416240,1.0379588501690595,0.990892014076402,1.148648536285586,0.9786646267608199,0.9835419897890874,1.040715840968704,0.9956218946659006,1.008805439653598,1.0502865917909097,1.0564268465020072,1.0099248656643405,1.0823533555151865,1.014898065120564,0.9531213464812881,1.0805956160210568,1.013040918829921,0.8843884373517233,1.044114523012947,0.809981389
"1,534",1534260,1.0372084794718957,0.9907850100248604,1.1571382462166906,0.976415932593259,0.9879278546783693,1.050330165030017,0.9956160860342057,0.9973624860193727,1.0534688839143926,1.0528736295085415,1.0084202629217482,1.096649392986399,1.0029627992497352,0.9423310756183959,1.0719110653350397,1.0236194589660406,0.8777837168032905,1.037473670238178,0.840830333
"1,652",1652280,1.0411507871337102,0.9913300891838333,1.164387582003069,0.9685194858419782,0.9932206760498374,1.0569006631877138,0.9978431198954899,0.9855048322291895,1.0575740456846823,1.0471394980209143,1.0089746043810246,1.1057636130669741,0.9937799850650096,0.9316357540779093,1.067564256732089,1.0337704284039815,0.8729836212483264,1.0299849755226511,0.870426611
"1,770",1770300,1.0442776811171668,0.9913281070002902,1.1713488296317693,0.9621582375162421,0.9963101621562569,1.0626610577602489,0.9967754955504471,0.9737182352945977,1.0618483941622296,1.0442351319110321,1.0110448274722048,1.1124576372390491,0.9858113015377529,0.9208444737676802,1.0651104631435324,1.0411242292274645,0.8727593888825059,1.023021223949887,0.899351167
"1,888",1888320,1.0466329811196335,0.9852223897521742,1.1750635785138128,0.9544007133241927,1.0016970707358945,1.0659188050583643,0.9956996983591982,0.9690770794584642,1.0626485355968573,1.0410913454148427,1.0112888033048386,1.119222828237919,0.9819470738479952,0.9141513784875781,1.0663903437452604,1.0459399773521807,0.8698201884119888,1.020755707354463,0.926489389
"2,006",2006340,1.0500367251267206,0.9808939389033968,1.1742878853155778,0.9521087262238366,1.0059661929687462,1.0679968211834197,0.9880140772974985,0.9692795126542098,1.0611003254809481,1.042807357096999,1.006257368489452,1.1231233254806097,0.9826175249004594,0.9049003759297561,1.0686668470188183,1.049798593485053,0.8691205551012838,1.0207270669975885,0.953508889
"2,124",2124360,1.052286923363457,0.9772582590106687,1.1730985511621703,0.9498525746896491,1.0060303650512352,1.0753384892844815,0.976955443758083,0.9708492833996778,1.0607907074818346,1.044665392385012,0.9989982832996264,1.1297334013528673,0.9893780747906771,0.8951629204532032,1.0707566312185166,1.0504855843006238,0.8671081020850263,1.0202351847336864,0.980415444
"2,242",2242380,1.0509017631147255,0.9808106680999295,1.1720420770216693,0.946466400305586,1.0063307703337177,1.081339027171976,0.9641696630121839,0.9703947626363995,1.0632184735529269,1.048980644822824,0.9913185969371573,1.1351165997142185,0.9909608034530439,0.8877067360675528,1.0688320330773036,1.051711892753119,0.8656636469400045,1.0244431473238895,1.008405722
"2,360",2360400,1.0546879146480406,0.9850490895055382,1.1724429061663628,0.9435612957092396,1.0034977305349653,1.086229007049629,0.9508678174547313,0.9689765737658382,1.0650914709043822,1.0498778090644778,0.981546176219196,1.1371643847351558,0.9941741499717479,0.8822457851767239,1.0627567504504876,1.0539418664273201,0.8674665255449302,1.0327704673994036,1.036207333
"2,478",2478420,1.0599883517239315,0.9883842551076314,1.1708244431424317,0.9422159834839092,0.9995597745499244,1.0909606945234083,0.9373149099310217,0.9709012397279563,1.0684783734020906,1.0501030840728056,0.9699777176228511,1.140526440734543,0.9976031141896535,0.8807269458638557,1.0539063368190076,1.054485440988765,0.8691266921512021,1.0397265871118604,1.063629944
"2,596",2596440,1.0642159919420973,0.9918359735216628,1.169716957204475,0.9392930444157679,0.993868638627336,1.093654938997422,0.9260780460126186,0.9736686227455894,1.0729369999315441,1.046046066187343,0.9604496287582555,1.1454015857264206,1.0053027156186614,0.8787210992746851,1.0437216725390235,1.0577849292558552,0.8714130825556957,1.0436831521665841,1.090497944
"2,714",2714460,1.068959882757108,0.998846161177322,1.168558664494833,0.9370158378229199,0.987550403449828,1.093976955151418,0.9139545424409746,0.9751749420162239,1.0773579435290908,1.040061020608405,0.9518265271296006,1.1569738849342952,1.0139438675163996,0.8771558034155692,1.0318112842222664,1.05914322317491,0.8742973302129158,1.044894707991261,1.1157625
"2,832",2832480,1.0725778677054543,1.0051101611133642,1.1689073365558378,0.9363632271962871,0.9825097998346563,1.0938265348869816,0.9018827402961073,0.9751837902903846,1.0801251697804648,1.0363480898021131,0.9408521766128315,1.168989948582377,1.0195948304886362,0.8780184430777945,1.0250759430458356,1.0600786043040316,0.8785376326898605,1.0418620704521753,1.139512
"2,951",2950500,1.0786191720750895,1.007803252092099,1.1703979180569413,0.9337289714828779,0.9787325292707122,1.093134248640131,0.8924448245883383,0.9788116069795783,1.0852432967078667,1.0346051643570613,0.930309663964963,1.1809825395799898,1.0183459942638469,0.8781374621787252,1.0190821897686453,1.060714758096519,0.882659466523026,1.03684460500979,1.162454167
"3,069",3068520,1.0856658795835994,1.0109060391620732,1.1732361376186804,0.9306332300586971,0.9749337717806457,1.0897645776266265,0.8833207207951087,0.9823252146894955,1.0909867521848227,1.0346429739681673,0.9266935802900551,1.1870564797948158,1.0172532208829348,0.8756043549110724,1.0152143013443626,1.061652720953845,0.8834093730539531,1.0325427853117883,1.184061667
"3,187",3186540,1.0898570439272715,1.012649388278234,1.1721352090348205,0.9266861095010281,0.9744371574428352,1.088855207670536,0.8746381780467387,0.9852798379479006,1.1003081812548106,1.037972361181779,0.9246317920727529,1.190184979559334,1.0147457637110247,0.8754793555808646,1.0120029476855854,1.063855825928183,0.8809842540942054,1.0267604291742285,1.204676667
"3,305",3304560,1.091654651007457,1.0151432993541,1.17057141595919,0.9195753916294341,0.9742415910937758,1.089397263405545,0.8678329364102212,0.9865707713695416,1.1104685272536303,1.0410924660993595,0.9263104699804384,1.192994562073223,1.0116314026639814,0.8743706875098802,1.013610505083456,1.0660831725138595,0.8773254164829435,1.018275574407596,1.225703889
"3,423",3422580,1.0918345264736953,1.0193058409623001,1.1730273768215458,0.9095952128341337,0.9723455339278734,1.0887611302988105,0.8652469703781538,0.9863050563230249,1.1210998919218713,1.0451385345377309,0.9304881776343501,1.1958469324973473,1.005673486788115,0.8730156904410513,1.0166084081708888,1.0673614378087548,0.8736032608758403,1.008029627964312,1.245166111
"3,541",3540600,1.0898050042566043,1.0235530102315173,1.1759407008262894,0.9006059899352236,0.971456940057511,1.0873238141027226,0.8632318438794363,0.9840111825118246,1.1305323265676688,1.050411240099315,0.9352784007095379,1.198320562029701,0.999203306816989,0.8713577703065243,1.0223359010673498,1.066484738447313,0.8702912421308965,0.9994673229938945,1.264267778
"3,659",3658620,1.0890245415602697,1.026665559702786,1.1797738402797304,0.8915772302088903,0.9698874692229887,1.085437129528913,0.8630057830908888,0.9825896628700096,1.1381221442611338,1.0543142915826922,0.9376651111126953,1.202390685031483,0.9957162427547465,0.8650797474034209,1.026549725703292,1.066198284660371,0.8654002805521196,0.9964978978516279,1.284181667
"3,777",3776640,1.0880737465994672,1.0306622198181168,1.1828097866020582,0.8828254037371162,0.9698892072596952,1.08198682018482,0.858981275371279,0.9841553192384046,1.1431845102631424,1.0620030020069566,0.9395428336050992,1.2064032935966875,0.9918757953515543,0.8590145188362784,1.0294974647956974,1.066398355209286,0.8571291501981896,0.9978913206529183,1.303923889
"3,895",3894660,1.0909667542859722,1.033718991834444,1.1848559257002553,0.8769948368986785,0.9696484617203804,1.0762092010445337,0.8560716658516679,0.9883342031669264,1.149492382807618,1.0701015505839704,0.9418153311684568,1.210424239328389,0.9890653275673844,0.8480893295603413,1.0311036817861692,1.0656941504994681,0.8480981180507567,0.9983763080013563,1.322501667
"4,013",4012680,1.0935241150110848,1.0354049306931958,1.1878396183136033,0.8703356960056777,0.9693621697262103,1.070284806888174,0.85147915055342,0.9932989023282895,1.1577595025050285,1.0783870222141783,0.9434731422941472,1.2125537171502656,0.9879411797457062,0.838719635819717,1.0328698687617623,1.0624559195381136,0.8414209327508025,0.9988413150223773,1.340697778
"4,131",4130700,1.093804389502902,1.035729423758781,1.1888354650813056,0.8662836075825904,0.9698794149972387,1.0631426103296904,0.8482716477163058,0.9984692242276572,1.162809763668167,1.0871031445776909,0.9453250757829541,1.2144237971827303,0.9882725844936608,0.8310872169637418,1.0343465582221036,1.0588027010049341,0.83627760221144,1.0001111433579362,1.358593333
"4,249",4248720,1.0934312735374814,1.0340733686953392,1.1868374470405445,0.8656948403791228,0.9697213055291978,1.0575238968806342,0.8487275522897166,1.0026531926683642,1.1668202261194238,1.0943364502234314,0.9463899512421392,1.21453926711578,0.9901385265485861,0.8241556431952686,1.033587439149529,1.054387673352772,0.8336464998867673,1.0034529852950202,1.376232222
"4,367",4366740,1.092353713701974,1.034592610612352,1.18562954794376,0.8696325744432039,0.9723027980748996,1.0517540102901846,0.8439579990858265,1.0040396839824386,1.171527660530276,1.100334743807682,0.9463711013040371,1.2113566395421502,0.9927392279975914,0.820675261881488,1.029543371233322,1.050357926466179,0.8324337708453606,1.0077058381534891,1.394022222
"4,485",4484760,1.0898213647350865,1.0345408347224356,1.1842304650765922,0.8712655076616007,0.9759642236298046,1.0473149384232203,0.8371219407901546,1.0048808055292178,1.178522263391329,1.104155530779127,0.9459515003932042,1.2084238594415835,0.9985600557331896,0.8179419469352451,1.0214583260665757,1.0464322012234586,0.8359637522115041,1.0120357286624133,1.411713333
"4,603",4602780,1.0870367081344008,1.0349062883898363,1.1829156205324793,0.8757258150003755,0.9778978428560329,1.0405959641332512,0.8302616106486508,1.0051045689086429,1.1838891489117946,1.1094402114521233,0.9450755476832748,1.2060805135749235,1.0058439293162527,0.8161540904862172,1.0122488365424405,1.0416899352922349,0.8399468166802577,1.0171022886512957,1.429496667
"4,721",4720800,1.0873831749318144,1.0345016118384407,1.1810755643741289,0.8803520665683061,0.9793367332273168,1.0334463154707239,0.8214284306457983,1.0044999237822896,1.1899386607463038,1.1153209507776058,0.9451267220219538,1.204947628797739,1.0141823412514892,0.8172417092521631,1.002103123005192,1.0386748865577666,0.8411673362241333,1.0186781485146719,1.446633889
"4,839",4838820,1.0865576698272328,1.0344214322774334,1.1780903740670905,0.8857643296963735,0.9812921414592435,1.0276376436238888,0.813337695203846,1.004057280350643,1.1941512431390704,1.119815495801675,0.9464053604176255,1.2047250303340606,1.0203814318495168,0.8192103291463011,0.9916077080008318,1.0369139039983446,0.8424126336290115,1.0202405074091332,1.463286667
"4,957",4956840,1.0856349461334358,1.0353591603653423,1.1758745163941873,0.8905984299593211,0.9839656810018936,1.0233942770098614,0.8043395690582609,1.0015391051803597,1.1970987579914316,1.1223854518058016,0.9474358388514259,1.203949439748856,1.026005472920436,0.8208727443243621,0.9811967572270295,1.036466089618669,0.8456127406199128,1.02308723421212,1.479047222
"5,075",5074860,1.086350349638395,1.0385510240302402,1.1730355452573353,0.89557646020668,0.986942538592899,1.0183001968834804,0.7964983158141157,0.9996429845305991,1.2018874281978018,1.1276364869835516,0.945814553121103,1.2029863816733484,1.0304454111543093,0.8214706602840632,0.9700312679456632,1.0348692052096882,0.8471711495079866,1.0254766727994273,1.494587222
"5,193",5192880,1.086656269385268,1.042797512624037,1.169874013570626,0.8992183190960336,0.9892506984243848,1.013615900890375,0.7888292263999664,0.9982688210357475,1.2072542839839708,1.1350237627804338,0.9413644382165851,1.2023930580794115,1.034214914216295,0.8221295165404415,0.9592351498229763,1.0343154484703097,0.8467960761050816,1.0294605557288534,1.509396667
"5,311",5310900,1.0895471026163475,1.0456800494997829,1.1653532393431556,0.8974214396818685,0.9927658234988094,1.009889040775584,0.7805628182745894,0.9982676771145937,1.213310548872096,1.1404346107105734,0.9333559260199928,1.205619227867163,1.0378068891755194,0.8216684736249773,0.950247591501137,1.0343422693882198,0.8487917825478131,1.0337791093928554,1.523472778
"5,429",5428920,1.0919216332092638,1.04642324700512,1.1602688842517304,0.8945036060120344,0.9955616786308956,1.0063924762300165,0.7734346753389926,0.9967600808338609,1.220394230824673,1.1454522939232066,0.9262184663367725,1.2082812054078413,1.0391983505521638,0.8223768761638639,0.9422394549883165,1.0345149855621079,0.8531720199868221,1.0399815647350934,1.536983333
"5,547",5546940,1.094935975754558,1.0468710756076565,1.1562855085662953,0.891470193445475,0.9978233800360623,1.0019444390171115,0.7672265541093105,0.9977084764927889,1.2270254212467389,1.1475727823579307,0.920884087454996,1.208889022857365,1.0396671438165725,0.8231719574705291,0.9371921511771286,1.0339771584753341,0.8573003190130816,1.0455220121662678,1.549785
"5,665",5664960,1.097127427742084,1.0441222034078321,1.151815600693893,0.8848714254185734,1.001404799871076,0.9980346793033358,0.7624046891438506,0.9985758513433213,1.2344169550253892,1.1492269123469878,0.9181261833293763,1.20987537146521,1.0425953494990419,0.8236527093272786,0.9336307019987106,1.0319032511408555,0.8616754962699562,1.0505120352061428,1.561737778
"5,783",5782980,1.0990837191409382,1.042472584268552,1.1488613211726524,0.8790984534781364,1.0068843991109457,0.9926199574303146,0.7577532336070333,0.9984260734864508,1.2401886348836428,1.1484654496441304,0.9192258308449004,1.2107756435479269,1.0443192284585106,0.8223237713369799,0.9289082275701497,1.0301723628566044,0.8671902825792335,1.0557684026167393,1.57337
"5,901",5901000,1.1014843708195794,1.0423831476268823,1.1471811487766117,0.8721140983139454,1.0101245771020857,0.9872011595805112,0.7509468816845365,0.9974792996438653,1.2443173370254423,1.14857960950826,0.9205525005843506,1.2109775796249584,1.0459376975689514,0.8230623759688056,0.9244341171500589,1.0301259543513364,0.8735105996528922,1.060661737347264,1.58542
"6,019",6019020,1.1028146034970845,1.0416233187261215,1.1440272591791472,0.8652321448702633,1.0123779302112075,0.9833454887228008,0.7436569387443984,0.9977981934811972,1.2471216241679683,1.1492092516363603,0.924429396974686,1.211356360319582,1.046741645218722,0.8247964324084215,0.9194171545656132,1.0320991909424997,0.8787200109769437,1.0648872399800875,1.597290556
"6,137",6137040,1.1028933975348778,1.0401995155531913,1.142828623303625,0.8572700667394717,1.0126310641948324,0.978222367226703,0.7347896573674886,0.9985912522018277,1.2495226701834594,1.1511893272956397,0.9290191251925626,1.2123403936323516,1.0493792619267301,0.8276487711566936,0.9148687671818224,1.032655394464082,0.8831987385872563,1.0709587913479264,1.609571111
"6,255",6255060,1.1037000126244008,1.038506297770737,1.1418792677608618,0.8476500843266226,1.014253171779191,0.9726365589908138,0.7278618290992984,0.9993510366431896,1.2521784338223851,1.1537471383034834,0.9350507660602606,1.2149124110293983,1.0560705464567681,0.8277167642536704,0.9084405939964584,1.0319562359032286,0.8854935710456879,1.0753849227070482,1.621786111
"6,373",6373080,1.1053310042965043,1.0358554790770662,1.140906127449246,0.8386651563736951,1.0139228375331553,0.9665779860533192,0.7240492043141021,1.0008843810406243,1.2548065988860195,1.15712590695149,0.9420798016970907,1.2164112602396038,1.062843699703359,0.8275177797647867,0.9008216855938788,1.0306220031173778,0.8860716854723502,1.080872653168005,1.634248333
"6,491",6491100,1.1079311826683493,1.0322887235601368,1.1418542336113195,0.8325738795640666,1.0117403460181782,0.9610712167823988,0.7196718207494814,1.0005327732115321,1.2567068729015605,1.1610987305585858,0.9477567400243344,1.217110234816538,1.0712644376832505,0.8275754601452411,0.8912901926333858,1.0294559802462138,0.8883284341208959,1.0857864636043975,1.646036667
"6,609",6609120,1.1111097948002473,1.0300149017286038,1.1412220789261909,0.8265245066912724,1.008673410443579,0.9531671469301394,0.717338912189169,1.000933436779084,1.2595259865910786,1.1633508260252288,0.953894090918435,1.218865389325397,1.080003468559966,0.8251552666844595,0.8829401179313856,1.0299286747998062,0.8899958048610684,1.0902769500573533,1.656087778
"6,727",6727140,1.1155904367319895,1.0275850784148663,1.1397225640548996,0.8222668561420349,1.0052094539851777,0.9438812828316059,0.7166192247276643,1.0002807328944776,1.2620457442011195,1.1665499478907462,0.959369791796105,1.2194857669627885,1.0884942460692524,0.821625803076339,0.8751799860612794,1.0302434891943035,0.892956866750098,1.0947954732218228,1.665356111
"6,845",6845160,1.1192945692458058,1.0255068236174705,1.1388004435940386,0.8172909926802266,1.0029690153019135,0.9343739238390203,0.7153596145438674,0.9967327943344453,1.2644390438906676,1.1729788133133758,0.9645175604430818,1.2175825788457928,1.0984586407441044,0.8194253314924167,0.8666697010789772,1.0298426329848398,0.8992933221044145,1.0974512140714439,1.673782222
"6,963",6963180,1.1237276010019517,1.0229119460011822,1.137124820515371,0.8145147440972756,1.0007879701089406,0.9256784041938019,0.7151556495781243,0.994217939551121,1.2662181701675428,1.1796543844187044,0.969437007005266,1.215499691095613,1.1065564332758633,0.8143675131247124,0.8596383203911586,1.0300226117026507,0.904676044806966,1.099957776737712,1.681586667
"7,081",7081200,1.127793680536993,1.0215660751181024,1.1345415778951038,0.8120901147147869,0.9998852425211824,0.9188985064066022,0.7143157923406083,0.9889700074141698,1.2680668642477972,1.1842259678824933,0.9742463489010932,1.2132141449628298,1.1114873129625007,0.8083797423340134,0.8574600840420432,1.0289939459254867,0.9116659422719117,1.1035331520216118,1.689205556
"7,199",7199220,1.131160208838897,1.0211159904963456,1.133097932856258,0.8100324570000125,0.9985171356265564,0.9133954682892276,0.7119962949775043,0.9840998808206031,1.2713021387319503,1.1879591930156381,0.9781773902554595,1.2124869459825,1.1140874657739328,0.8020380694025983,0.8575472663088132,1.0275722707087636,0.9174627339595236,1.1064474209982382,1.697138333
"7,317",7317240,1.1362209278581732,1.0192900449389724,1.132377937723808,0.8051215904485036,0.9976839732217184,0.906144795146638,0.7093955226571902,0.9816594797194794,1.2760581148582375,1.1901611856770038,0.9798696278538694,1.215042541978684,1.1159455788638744,0.795931153239712,0.8592281293148322,1.0259051312186955,0.9230225631033445,1.1086388965227563,1.70477
"7,435",7435260,1.1409781122036866,1.0178674738625326,1.13021943480095,0.8018526569921725,0.9966361257876191,0.898563065912526,0.7059839433156654,0.9794048208151728,1.2813503856565847,1.1933273771457673,0.9812973577546654,1.2170559998605472,1.1170053389085943,0.7905469318534919,0.8597494149010529,1.02493060819315,0.9284949674242534,1.1117542613082685,1.711308333
"7,553",7553280,1.1464951472781666,1.0145444591228099,1.130198455960295,0.7981407150318712,0.9976411303446657,0.8912299602078916,0.7026472035195234,0.9777600109263805,1.2868819483406262,1.1953278686540014,0.9822596931811549,1.216984075594039,1.1176325355642585,0.7840760933988767,0.8604243514055478,1.025214614206593,0.9340525856884976,1.1148576311296596,1.717613333
"7,671",7671300,1.1513091913474394,1.0135697820709142,1.1292621948129518,0.7937012900032865,1.0007917171896006,0.8820028571948819,0.7002453989874181,0.9757282248204862,1.2922585771965958,1.1957415419789823,0.9813173855543009,1.2189294922364435,1.117465115360472,0.7778733307461935,0.8619406491041467,1.0244577372763244,0.9412121702366164,1.11803617234159,1.722747778
"7,789",7789320,1.154439866053186,1.0129944693621806,1.1292026734890248,0.7904235680811358,1.0042350264832527,0.8727724775475187,0.6961802231105555,0.9744676376736098,1.297106552755816,1.1964883727496856,0.9828076308059961,1.222139751797369,1.116947176958361,0.7725453442122541,0.8644420868698771,1.0223349379351296,0.946688840082822,1.1191257168635698,1.727665
"7,907",7907340,1.1573630354571063,1.0115984750594564,1.1301381647160533,0.7850692033986936,1.0082894666228726,0.8661303571923867,0.6924422416767446,0.9723458217524413,1.3012345400358125,1.1963411249994662,0.9846440960234735,1.224573450526996,1.1174620444750258,0.7683852606884723,0.8669602237050863,1.0203925895466293,0.950822568343219,1.12064431374934,1.732658889
"8,025",8025360,1.1590795765811552,1.009284596310346,1.1314937641883196,0.7780369101270098,1.0123047950601185,0.8606372450985967,0.6911194538987636,0.9694432363981415,1.3042233185918346,1.196356012120285,0.9842596468196775,1.2258273993090856,1.118355549663535,0.765857614368532,0.8703989931922603,1.0179925220878747,0.9541814237518539,1.125530289787124,1.737176111
"8,143",8143380,1.1608333853620796,1.0077980783062983,1.1312102743414607,0.7714922639502299,1.0184468514291747,0.8554592188171973,0.6904866209093066,0.9649705809171106,1.3086294017173208,1.1954687128413182,0.9841135840458676,1.2267764130944228,1.1224914982980723,0.7600854511800021,0.8731556307574813,1.0150614527184425,0.9584215069366806,1.128938042399129,1.742606111
"8,261",8261400,1.1634715292834625,1.0076621242154653,1.1305477111153266,0.7639735211538938,1.0253976456378604,0.8464877871220797,0.6890465383034431,0.9611548216296043,1.312420532275622,1.1954308412013688,0.9826221307075973,1.2273737067549284,1.1254591251232924,0.7559129445749136,0.8758563673645133,1.014160442223101,0.961943019096582,1.1344101251947534,1.747713889
"8,379",8379420,1.1674079830700905,1.005700886119395,1.1322018992622318,0.760137971499334,1.0320957827278616,0.8383137271025823,0.6865492279177535,0.9588110292683214,1.3180303411587115,1.194971891240055,0.9794736425533168,1.2275854013408027,1.1284346936423204,0.7489462295619398,0.878977433978862,1.012425430974743,0.963710184234713,1.1390480703879868,1.752862222
"8,497",8497440,1.1689981470212358,1.0036817687657356,1.1327430854177916,0.7615026717323096,1.040280951747715,0.8297985787274244,0.6830858224930475,0.9555371505162233,1.3224079243453235,1.1953562506789628,0.9760687474634194,1.2274409215319364,1.1313821904256958,0.7424842081938623,0.8810229989435581,1.011993182736978,0.9648097020519184,1.1436548406058482,1.75869
"8,615",8615460,1.1701005473509365,0.9993753350650053,1.1321199085915132,0.7666628485900208,1.0489155392984182,0.8234944966389206,0.6807726860429957,0.9504048331780383,1.3264749129509767,1.1951667486679665,0.9702526926695353,1.2266949387015922,1.133319556576603,0.7358881387050904,0.8858219404347167,1.0117351907479515,0.9662845786802287,1.1482109781196561,1.764357222
"8,733",8733480,1.1716112439697195,0.9949834786363212,1.1294704889838894,0.7707124416977812,1.056170321243022,0.8146767289931759,0.6798998594972878,0.9477784514106266,1.3303249998905722,1.194225751742885,0.9664877758571608,1.2258064365871497,1.1349110868483112,0.7284327065219164,0.8934508261180795,1.010998920774314,0.9681639058527116,1.1529232010341903,1.771240556
"8,852",8851500,1.1727924139395993,0.9890145292782053,1.1259099445206817,0.7748247115205464,1.0639805902949644,0.80736328515824,0.6793128246814777,0.9447681103674638,1.3324746467247897,1.194148409646454,0.9631131238766839,1.2247847716276228,1.1363792713863659,0.7206544392345061,0.9021259122350134,1.0112313060925917,0.9700314614209449,1.1573575910121063,1.77916
"8,970",8969520,1.1736104445099174,0.9816519592967712,1.120629599427928,0.77931682308301,1.0707851648511846,0.8010911102232472,0.6799766052607099,0.9426332208536551,1.3356205100291676,1.193536387363922,0.9594798795905788,1.2225940542666367,1.1373296995952065,0.7120908199134229,0.9127925655328402,1.011212984721245,0.9737041599448729,1.161330803263022,1.788408889
"9,088",9087540,1.174976054628429,0.9743452460188411,1.1141775916808079,0.7824368572269236,1.0771504497580766,0.7964203387297758,0.6808806942376131,0.9406112074783476,1.3382138617298613,1.1940066746974989,0.9562673818178554,1.2194286742457483,1.1365013724588853,0.7041648788288706,0.9228867780653294,1.0127433923803315,0.9782364335665078,1.1650418447113253,1.797930556
"9,206",9205560,1.1748696261674045,0.970109061420552,1.1085487603221083,0.7852242127673698,1.0836532815372704,0.7917113987115861,0.6833941729248408,0.9391537164563769,1.3392503645842533,1.195748986670216,0.952491183958361,1.21369575006147,1.134874566615105,0.6992966844616095,0.9313238769949549,1.0131937047957082,0.9823547744754517,1.1687644927791307,1.806843333
"9,324",9323580,1.1753248710526378,0.9669571308776691,1.1021921666412873,0.7839521687973676,1.0901326538369704,0.7872800838129621,0.6849569427363087,0.9382400930414899,1.3394256408888277,1.1968720907634716,0.9485734832860317,1.209127025952917,1.132724364047987,0.6956729770582197,0.940648834116175,1.014560748419573,0.9868023926867099,1.1734293574527346,1.815349444
"9,442",9441600,1.1762797077548997,0.9625652358188834,1.095307990085124,0.7784017849260542,1.0976338643989534,0.7834628549731093,0.686716900787166,0.9381353929833958,1.3415422287012595,1.1967602205845729,0.9450940280265729,1.2022415190654219,1.1300369705479865,0.6980029684455714,0.9492399907953204,1.0159442576981565,0.9912456696149623,1.1776512579406546,1.822011667
"9,560",9559620,1.1770387768960335,0.9602546837891852,1.087768230474611,0.7718733834842457,1.1042520450710984,0.779484692306872,0.6899620047528942,0.9366069160293186,1.344159845699199,1.1971215941765057,0.9408410007322727,1.1942693985600032,1.127258236283045,0.7031442038440525,0.9583239968584626,1.0191024825419288,0.99380804038895,1.1804741970737231,1.827718333
"9,678",9677640,1.1771356109633528,0.9585998843693733,1.0817919986888738,0.7643822826239981,1.111592576814982,0.776323352568329,0.6936992926090584,0.9334425802841637,1.3454182834200068,1.198009806601736,0.9381743997666223,1.1867875119026308,1.1268363293078374,0.7073698143437678,0.9671278253168136,1.0206936070316504,0.9968613776239666,1.180918890599783,1.834117778
"9,796",9795660,1.1788967467254885,0.9600252182201459,1.0748844016973398,0.7559252702764998,1.117999077180516,0.7732603494607835,0.6990109260982401,0.9296472003049975,1.3461726119995443,1.1995750615677891,0.9351982766089733,1.1795446655153439,1.127369102669093,0.7090461375876871,0.9752199412505362,1.0227174671692816,0.9985867402709205,1.181481950983643,1.840852778
"9,914",9913680,1.1803337800261544,0.959539009117948,1.0665431049794227,0.7480304823878144,1.1225711193560117,0.7720336758646978,0.7056414800222205,0.9264563602030195,1.3459812856876998,1.1997130908392324,0.9335168072585143,1.1751787254442316,1.1264284173610353,0.7106050288656128,0.9847163107070542,1.0245162403506118,1.0007295956339195,1.1813775199705372,1.848142778
"10,032",10031700,1.181399495259539,0.9607017317837164,1.059690286994038,0.741261103962073,1.1253997876683448,0.7711229711733034,0.7108766127522154,0.9231427324655166,1.3446872985441911,1.2019819853392417,0.9313242104152258,1.1698338095851846,1.12757137112755,0.7121936010603377,0.9948540747410943,1.024642972867628,1.0022950191361757,1.1803047555150783,1.855253333
"10,150",10149700,1.1854301600942136,0.9607678184183759,1.052602235997782,0.7340989802989032,1.1278373771264583,0.7710065665594914,0.7143861854248733,0.9175792836231099,1.3421623716416478,1.2040396701582596,0.9287499683272952,1.1652254444843289,1.1299250110155832,0.7144309283373138,1.0055184074537784,1.0254862081239142,1.0050969105055247,1.178279073883,1.862796667
"10,268",10267700,1.1908169035159635,0.9612979483322028,1.0459937002425033,0.7264104890696044,1.1310097768314915,0.7709361598095358,0.7164192866622914,0.9130390642625059,1.3401267396688805,1.2058006801992238,0.9276286578173002,1.1595198534246023,1.1313514490478283,0.7186299426145862,1.0142151270219701,1.0250594030344802,1.0081419956749083,1.175621714172317,1.869737778
"10,386",10385800,1.19615234004124,0.9627977362575738,1.0394538288303794,0.7198349580557424,1.1323168873710898,0.7743049387041736,0.7193707814742545,0.9073416965589595,1.3366053784631473,1.206057930775902,0.9279295435485523,1.1536389785683898,1.1323642348398228,0.7209235005430655,1.025144932747427,1.0232933785591254,1.010528213735119,1.1733940869022765,1.876287222
"10,504",10503800,1.2013173079893769,0.9601953067606267,1.0332601560997614,0.7141691680636308,1.1334578765769043,0.7765008756110295,0.7248553548787726,0.9019991107043989,1.3329233933231794,1.2073511854140018,0.9293760772255864,1.147811031048674,1.133499730058751,0.7237582033936092,1.0382304980170394,1.0199341125513224,1.0112748144945887,1.1709077742624623,1.883653333
"10,622",10621800,1.2072154991930901,0.9571620416111598,1.0278180985929708,0.7103142588658151,1.134473480386913,0.7797554154929005,0.7291068971157759,0.8966414715868913,1.3278797846198016,1.2085563648128883,0.9289127297805371,1.1415097291239735,1.1348007142701402,0.7271944539995236,1.0504197719135466,1.018124542047461,1.011968858556778,1.1683331706499624,1.891116667
"10,740",10739800,1.2124583102687752,0.9528961884463716,1.0230433386686337,0.7091479020394532,1.1349529446987208,0.7836908036681778,0.7346446710593927,0.8908410261701382,1.3210180598128474,1.2093051299989914,0.92874110896281,1.1359152790194833,1.1364224158465963,0.7324913656561671,1.0609084803028295,1.015317945322053,1.0119661989131077,1.16585770021719,1.897851111
"10,858",10857800,1.2181031436519558,0.9508135943744701,1.0186459327290676,0.7100053549118521,1.1338520950206692,0.7881653950102611,0.7404485823277787,0.8873214873158729,1.3132037868865456,1.2075802614257423,0.9289938954201132,1.1291305983637836,1.1361824054512604,0.7383819097427955,1.0701584418820225,1.0115578093949982,1.0113157319115214,1.1651739079864,1.904826667
"10,976",10975900,1.2263589219366966,0.9480318182133864,1.0130510987402566,0.7104709022881586,1.1337278829699635,0.7930586243581172,0.7464733782282792,0.8851933272584459,1.3062667847904714,1.2072562806389022,0.9293486125956653,1.122579716149813,1.1331830437902142,0.741529955414044,1.0776012701644244,1.0075555991334,1.0116524454252223,1.165184751156023,1.910953889
"11,094",11093900,1.2336435560671926,0.9439416665283762,1.0086617250969823,0.7098447310106732,1.1330479437329113,0.799799265721469,0.7539319039155351,0.8822035818882166,1.2994178976001554,1.2062645280841267,0.9302961666041998,1.1171905565503548,1.1325779313635764,0.7450983849964435,1.0841747603772571,1.0029393285129649,1.0119356954933771,1.163028710908869,1.917316667
"11,212",11211900,1.2406007479423968,0.9410772470678298,1.0035826606236122,0.7111909809886316,1.1321975432516695,0.8039339744401601,0.7612878793046266,0.8772235198397056,1.294822330579725,1.2056036906093208,0.9307734309016755,1.111970520028292,1.1320253188512743,0.7474404217210678,1.0898254616245355,0.9988856624902531,1.0130671188943985,1.1620347512553464,1.922855
"11,330",11329900,1.2492519051234772,0.9390436521409206,0.9989035025646961,0.7138329342165184,1.1295965348420451,0.8079674583595499,0.768704098173555,0.8717199865160318,1.290573008552565,1.2041534039113373,0.9316938571451319,1.107782899603331,1.1314887729586125,0.74767714823591,1.0946410153805481,0.9939864480600236,1.0162850922299915,1.1597951921899292,1.928318333
"11,448",11447900,1.2579749459005212,0.936562215841232,0.9931488538847655,0.7165908717668205,1.1276807215294526,0.8130773961275902,0.7789077168676514,0.8658920630927561,1.2858032472437433,1.2016027106430154,0.9331165360697001,1.1043861263813661,1.1297073727187323,0.7483093138245482,1.0990326615078219,0.989631340124765,1.0189431780950071,1.1562963328829479,1.933651667
"11,566",11566000,1.2678931903316573,0.9308263656591499,0.9888352122454099,0.7187470072026694,1.1255223232333098,0.8190813758695609,0.7878903976517433,0.8616714242688367,1.2826085089134573,1.1979319017051295,0.9347101323707353,1.1006821093497865,1.1256455539290027,0.7476214057964113,1.104514800178487,0.9858211533470571,1.0234392593827175,1.1528592658810597,1.938132778
"11,684",11684000,1.2798628069521516,0.9278378313821882,0.9820562917919049,0.7206573288431031,1.1236548629842562,0.8220375013906005,0.7962731499434066,0.8572508843027458,1.278472831035065,1.1935405399682573,0.9395544477471096,1.097107228474864,1.1228510954727502,0.7470447340359853,1.1086287201678098,0.9828689101764845,1.025796687565325,1.1504697014388887,1.942306111
"11,802",11802000,1.2902454606506066,0.9264472056630845,0.9765030307914211,0.7223475812705541,1.1213314440498774,0.8244499941239388,0.8034857819249065,0.8538543718329471,1.2752646341817466,1.1911377279733386,0.9460726390839926,1.0936597872673999,1.1180519970483567,0.7459072038733939,1.11280778738526,0.9800123010448298,1.0268869418316986,1.1472192585994008,1.945804444
"11,920",11920000,1.300548604664829,0.9267168867088436,0.969266648656086,0.723493055554989,1.117996792065128,0.8272070173824064,0.8094705601011163,0.8497058470779989,1.27366105030057,1.1894558256669772,0.955870730587846,1.0896912992320011,1.111783454140511,0.7442102749348272,1.1169731164322376,0.9781975818777233,1.026693331128189,1.1444702658628063,1.94922
"12,038",12038000,1.3082292770040975,0.9257645053574611,0.9606344555494,0.7260883041327374,1.1149517160360702,0.8305111206433714,0.81640094135603,0.8472704734201628,1.2735073759251183,1.1876781630072701,0.966000702762738,1.084314582549612,1.1059633399505782,0.741489119050548,1.1221852821878975,0.9763609483577097,1.0270914059371297,1.14069754657011,1.952651111
"12,156",12156100,1.3157044816670789,0.9265517596476097,0.9519287984853687,0.7282025714086021,1.1119457152427799,0.8323251134155936,0.8235649477103545,0.8442244761550127,1.2746844236462576,1.1846799481026102,0.9781590292948525,1.0782007097812896,1.0998490990736691,0.740621776686884,1.1246113444558241,0.9767945576701049,1.0270024441899255,1.135755829970836,1.956841667
"12,274",12274100,1.3215989876003753,0.927959892157584,0.9423629693170812,0.73115165841865,1.1103535727146145,0.8347893369749994,0.8311298685307899,0.8412208153567639,1.277684003163768,1.1804174187691792,0.9899610928864387,1.0733399624731612,1.0926583597119486,0.73977060077898,1.1244891815109839,0.9777768802644615,1.0248242030598533,1.133075252723739,1.959917778
"12,392",12392100,1.3250216189581208,0.9297934136727457,0.9322731242561565,0.7358270165154691,1.1098042705008893,0.8388186222639062,0.8346513871875063,0.8380827677211738,1.2796582661695262,1.1767210643597132,1.003594881763381,1.069078680418857,1.0852095138199043,0.7370709436047224,1.12285493092801,0.9800702221345892,1.0230343200156957,1.1327190771850897,1.963473889
"12,510",12510100,1.3277402557903928,0.9324263691044078,0.9243495519435863,0.7417369148536096,1.1085880852876404,0.8412784128031808,0.8362893044080467,0.8345813216785238,1.279420132910835,1.172516982692781,1.017205088267847,1.0669911081651218,1.078273690014815,0.735058744226492,1.119770176870509,0.9832340941656571,1.0206635588760773,1.133747641448388,1.96874
"12,628",12628100,1.3297338728522963,0.9345706143712734,0.9190862487170239,0.7491309516079584,1.1053311562443382,0.8432144653151863,0.8355043538453066,0.8316688261686616,1.279990383820391,1.168825995250157,1.0310326268236938,1.0630718120683194,1.071399964446141,0.7348437407822217,1.115564852496219,0.9870074010676652,1.019296370830515,1.1341626083242407,1.974323889
"12,746",12746200,1.3309144360366105,0.9392009177728081,0.9139022846464487,0.7563451529312346,1.102488007042253,0.8458658877274081,0.8331526163416514,0.8280119403374808,1.2807425300912907,1.1635039060304806,1.0433754019120909,1.0594426322336858,1.0637048162621219,0.7374397282433297,1.1115927968012913,0.9911385084942058,1.018611901292512,1.1335022890546418,1.980785
"12,864",12864200,1.3327433171127352,0.9450743367752823,0.9108280141732041,0.7624632782156903,1.1001522517540512,0.848815554950488,0.8324740919700517,0.8214970488181115,1.2797317339149206,1.1600580835099268,1.051886457705495,1.0557341235250115,1.0571847088518889,0.7397078094324835,1.105473869507469,0.997183826186338,1.0176149640763892,1.1338256169574923,1.987108333
"12,982",12982200,1.333993956440543,0.9493438808779642,0.909314584282463,0.7704272217674728,1.0994686896930264,0.8521057377197885,0.8315459279031083,0.8141916680755323,1.2762612176635413,1.1562982206338714,1.0595707275598094,1.0511404300895086,1.052681814264274,0.7448228982836193,1.1011967779592169,0.9999314718517652,1.0156032665286645,1.1340756083233499,1.993318889
"13,100",13100200,1.3358875441368825,0.9503777298482867,0.9055319447255264,0.7807795085399748,1.0994964864423233,0.8553053743195678,0.8279858429518056,0.8067552548346528,1.2747314693732543,1.152666991418049,1.067500252650909,1.046353872622992,1.048346449940374,0.7522064706071041,1.0973123306623929,1.0015958312433275,1.0127377787587315,1.1359973861478299,1.998652778
"13,218",13218200,1.3382167177413349,0.9497625727763798,0.8998087817134933,0.7895858395670201,1.100583953253481,0.8612891097322529,0.8251471535071896,0.7975909821177636,1.2715709522957788,1.150606743579356,1.0752956750026015,1.0417684309504431,1.0448945478983842,0.7611585904644346,1.092080191291077,1.003048931496126,1.0098921697728642,1.1389175050171503,2.003274444
"13,336",13336300,1.3393614321614813,0.9490285428021321,0.8957944401886346,0.7967147774548319,1.0991915964231553,0.8689908037895216,0.822798545315339,0.787659950051948,1.2663695054233286,1.147393112144066,1.083748417564895,1.0396006859684668,1.0431355546219838,0.7729311050379065,1.0870650577884624,1.0045251936273534,1.0057340388509641,1.1407256062555862,2.00926
"13,454",13454300,1.3386831166567823,0.9467347742224186,0.8912250345203638,0.8013709386706104,1.0979778384028271,0.876515142587885,0.8212727994603695,0.7797748593422538,1.2611976583900395,1.1459147841829742,1.0928425524029846,1.038174794446308,1.0399672786977219,0.7851962303300367,1.084354662575443,1.0045250429094479,1.0045790706188682,1.140006730718589,2.015342778
"13,572",13572300,1.3383773598520008,0.9437179360623172,0.8876958760036177,0.806349762010581,1.0955992738949833,0.8838680091913536,0.8194825092080754,0.7702391330555971,1.2531947285972913,1.1453853986476479,1.1012457800506357,1.0388881511371337,1.038325249324078,0.7959097130025645,1.081889389262053,1.0044489720220204,1.0049927502950637,1.1402950425089013,2.020831667
"13,690",13690300,1.3374284380193158,0.9386476556755707,0.8833075083087938,0.8106863804652255,1.0926736554625933,0.8882216853256983,0.819102869493032,0.7630511465271462,1.2463280597661899,1.1467442134135957,1.111166571871816,1.0376186082609506,1.0387256319398557,0.8087474802761864,1.0802948834398636,1.0040318859381174,1.006035605366946,1.1367343387389877,2.025675
"13,808",13808300,1.336944472101283,0.9358070876486528,0.8774345505980026,0.8154171413887012,1.088773097526818,0.8924339019534063,0.8180928049063192,0.757324365211395,1.2361292420004826,1.1490569786941616,1.1212318541330084,1.0365253394853018,1.0368469028896987,0.8189667812042404,1.0791551431926103,1.0085291774110507,1.0056504420156414,1.1349781403975667,2.029056111
"13,926",13926400,1.3364781638020815,0.9314458896991857,0.870401068019648,0.8170289488176692,1.0848997518783812,0.8979522819764707,0.8153682610621703,0.751509708237429,1.227952428133264,1.152564913986425,1.1324752707880754,1.035115686114437,1.0361268354238171,0.8296863170939395,1.079266118056942,1.0139683014752288,1.007065726240349,1.1299341755911638,2.029838889
"14,044",14044400,1.3360736823308055,0.9294025348445498,0.8655641602194518,0.8161883719062881,1.0797549888672762,0.9040405298494262,0.8120641014745207,0.7445150732217606,1.2214495387029336,1.155520506734618,1.1442089721144721,1.03270625804082,1.0349442863905636,0.8410408326990596,1.0778801226856742,1.0205142648688563,1.0094429772755185,1.1239406957395144,2.029675
"14,162",14162400,1.3354250102493272,0.9274680999622537,0.859925475191801,0.8136510612779271,1.0758165932345716,0.9116864668729774,0.8094978831184908,0.7373929695550324,1.2154198745515763,1.1585061680624902,1.154482147674509,1.0294698492726522,1.0327764938847128,0.8515439819146932,1.0765085315731269,1.0285113324909652,1.012333398732045,1.1188130777096346,2.029994444
"14,280",14280400,1.333210352220902,0.9266502678676236,0.853831008104744,0.8116712825916462,1.069327558437353,0.9212420893691539,0.8072996365073797,0.7328011013536405,1.208321466765458,1.1588726335730173,1.1652183698299765,1.0265983823852032,1.031866684166338,0.8631373163247685,1.0751088649229479,1.0362978027770595,1.014977862274195,1.1126863195246826,2.031483889
"14,398",14398400,1.332406956638432,0.9288605550727627,0.8462790830077073,0.8081932641449786,1.064750335357954,0.9301857525158372,0.8081534455316147,0.7316772623647251,1.200732255700487,1.1585441060031998,1.1748355614875456,1.0228873505415463,1.0301065227493298,0.8718030060249672,1.074907939653186,1.0438593854744902,1.0160251748388476,1.104841546398223,2.032431111
"14,517",14516500,1.3313630551287523,0.9318338018034372,0.837754917222689,0.80221458959892,1.0603505859950546,0.9401725102317936,0.8114562073379726,0.7345573402858514,1.191138425944008,1.1582257667590243,1.184167153764623,1.0192390288503304,1.027783875222499,0.8805889641410102,1.075684181593864,1.052515521946132,1.0132201711871376,1.096734859847725,2.033093333
"14,635",14634500,1.3322340776226027,0.934902972178195,0.8269142226283991,0.7964464887663913,1.057029452535747,0.9489904743413028,0.8147236799584169,0.7355258319797583,1.1815899686716176,1.1595463340088268,1.1934995921449554,1.0177909914256917,1.024852348056909,0.8867436879384558,1.0773610019585884,1.063292847557847,1.0090300697586378,1.0885676816525718,2.032537222
"14,753",14752500,1.335607862631281,0.9399862456832743,0.8144238229849177,0.7905819833967787,1.0547765372647415,0.9585103590089056,0.8168762234963562,0.7349439879075034,1.1717755776592544,1.1612101950905354,1.2017406803430588,1.016858603060801,1.0200100634658285,0.8945117091831929,1.0773129095401466,1.075671805675651,1.0054847932136102,1.0788279771171037,2.031588333
"14,871",14870500,1.3359369041502809,0.9500100501075771,0.7999238600841418,0.7859797724001014,1.0518697752388966,0.9701379456208691,0.8188898939558608,0.7339696899966047,1.1607009865564837,1.1630017214218535,1.2064976474506475,1.02064033643581,1.0142444598645697,0.9031412440586651,1.0765353045856776,1.0915123501168864,0.998862223974321,1.0672142461506746,2.032173333
"14,989",14988500,1.336171219810663,0.95754013143898,0.7869388878493084,0.7782362442830787,1.051149388291987,0.9820848276908711,0.8225490571749828,0.7336949119545331,1.151276852729791,1.163944706769214,1.2126033246666095,1.02336693002764,1.006589525654787,0.9140261646813199,1.0740955684450804,1.1049839508726067,0.9931177358373086,1.0566861481146987,2.032348333
"15,107",15106600,1.3367769485711265,0.9630201006471983,0.7726204588271557,0.7711507618345529,1.0497249562152686,0.9938347803543917,0.8231565027181792,0.732955064739517,1.1439521194770779,1.1653497455609618,1.2198168816537018,1.0276639592169894,0.9996421548840381,0.9261126085888026,1.0709400950867198,1.1164293797318146,0.9853775424456457,1.0505381525596498,2.032257778
"15,225",15224600,1.3376162808619048,0.9705946405797092,0.7596695154651102,0.7630382116198816,1.0486217924309238,1.0051080980187699,0.8237541416710998,0.7305498806339666,1.137840219078209,1.1656401309416833,1.2291491472736407,1.0294200224864265,0.9919158910997119,0.9375793495121048,1.0666934856326908,1.1275946719987109,0.9768845696762449,1.0472369085744626,2.034376667
"15,343",15342600,1.3399260382636118,0.9793603824346861,0.7462588208568149,0.7555402630037192,1.0467469933462856,1.0161036617765904,0.8234727985540159,0.7258488384127507,1.130375722577264,1.1674782814792237,1.23806678918794,1.0297067546774312,0.9843195224821608,0.9480337983804676,1.0617904144123367,1.138240647379753,0.9707263632606318,1.0466648557181657,2.037743333
"15,461",15460600,1.3405713601146039,0.9866838063936091,0.7337155309174809,0.7470317018837006,1.0457482666501232,1.0278192152257293,0.8240591046886693,0.7224182885984487,1.123130601887054,1.1683216618508196,1.2470199715289667,1.0298953005330085,0.9775489070445396,0.9573145299746271,1.0546334672232953,1.149337064664458,0.9649936260092762,1.0481000523024535,2.042118333
"15,579",15578600,1.3410849550412656,0.9953662740236073,0.7220281014559439,0.7388851649977513,1.0443042039379944,1.0372086510766236,0.8257760438398183,0.7199906349666897,1.113252432534153,1.1691958386853063,1.2603969329137223,1.0299630385568035,0.9692942107021894,0.9653461185165725,1.0476042820193505,1.1607149349012365,0.9599531508228123,1.0476375013369827,2.046809444
"15,697",15696700,1.3404682218526833,1.0039686598034143,0.708966913159326,0.7307947766924212,1.043252410924861,1.0474571942514799,0.8235780553507959,0.7176037032331487,1.1024212365367787,1.1713926987437764,1.2707132383374675,1.0331563396196672,0.9600165123456222,0.974126603458075,1.0444731978970598,1.1707937699327875,0.9551621969932033,1.0493073461113211,2.051652778
"15,815",15814700,1.3404634716331587,1.0133094602626613,0.6961735527430482,0.7226172378777403,1.0428965443552045,1.0591969750380517,0.8183521801746834,0.7134675397661527,1.093730353574026,1.1714301875219253,1.2808857550678656,1.038517746656722,0.9489648944913874,0.9831295702174688,1.0436963888813418,1.178930087114591,0.9501372727133787,1.0514281678034882,2.056188333
"15,933",15932700,1.338972165688879,1.0246218571262864,0.6844162294945713,0.7140438794184947,1.0408844772586237,1.0711059880200668,0.8123473270229907,0.7092031853521648,1.0860826650900286,1.1723960951463743,1.288367544825787,1.0458479006174057,0.9358966697913303,0.9898677171745571,1.0458324972415676,1.187127219230256,0.9454633322206114,1.0545533613513418,2.060345556
"16,051",16050700,1.3375967579467098,1.0351466404460516,0.6706293320117623,0.7079116653018608,1.038635982662897,1.0823347215673327,0.8068078383342334,0.7065281198663734,1.0824448475391297,1.1723257623751981,1.2952380470432647,1.0559873131574509,0.9205044522177913,0.9960982865626742,1.0483111585355047,1.1950419759038242,0.9395354607475437,1.0558012521991567,2.062456667
"16,169",16168700,1.3356177366881172,1.046331463270892,0.6588445301423907,0.7000688582462008,1.0364371324899784,1.0919547815915192,0.7998673571011301,0.714213420168775,1.0845072269296692,1.17039511881723,1.3029200133112617,1.0629789861633123,0.9029385192354077,1.0023397292388945,1.051510955120532,1.2005146382519176,0.930858307245931,1.0544603500836174,2.06415
"16,287",16286800,1.3317566254873496,1.056512285221539,0.6495761200814137,0.6921073529428153,1.0358923952065178,1.10317500287301,0.7927231958570724,0.721006081035512,1.0839260366905206,1.1685037281017654,1.3094950136932995,1.0719544133010512,0.8827297534391727,1.0049034319600691,1.0569148899305543,1.208747923273082,0.9208910181439124,1.0559064959575173,2.064675556
"16,405",16404800,1.3301320322311425,1.0652814950702425,0.6392913263047075,0.6795050538641474,1.038245808145042,1.1139628133970183,0.7859124421285129,0.727456842582434,1.0803431507901835,1.1664296972202934,1.3153741691443088,1.08368971908129,0.8628386129722347,1.007511931054929,1.0660131418371197,1.2179663579818472,0.9094949231460585,1.0572106122089762,2.065543333
"16,523",16522800,1.3309919292908923,1.073553289726062,0.6276201800727749,0.6664005744875259,1.0418424204921164,1.1248132609883728,0.7795478405158732,0.7344917099492334,1.0744584049414754,1.1618126665370214,1.322914370986045,1.093965162922675,0.843224865912804,1.0079933570104167,1.0732538826196234,1.2300125359460394,0.9006869645743646,1.0590023869368244,2.066590556
"16,641",16640800,1.3330160482694282,1.0804398575584078,0.6149575122848234,0.6590081853291659,1.04851421647747,1.1324837127579712,0.7684483321504982,0.741366357458127,1.0687697917810124,1.1565755569728051,1.333425861082479,1.1047157376554098,0.8229021965311962,1.0066945668118874,1.0796905037805655,1.2426325728201988,0.8890584443771922,1.0638726839515784,2.066783333
"16,759",16758800,1.3352481479003688,1.090006341602647,0.6030979680174029,0.6528813453044281,1.0570555099818677,1.1436750026264326,0.7561991202640923,0.7475227051033599,1.059655586317502,1.1524240164104376,1.345121775381717,1.112201318125719,0.8037235387149854,1.006953305415868,1.0823623452018443,1.2527285292604842,0.8802230684014783,1.0654900319316545,2.066818333
"16,877",16876900,1.333608071435193,1.0998109052355347,0.5945818726341014,0.6459623384288222,1.0638609348834078,1.1555346294036877,0.7440335497642647,0.7556752964452053,1.0450601075246457,1.1474582697872064,1.3578008495404117,1.1186392070635758,0.7856460504319099,1.0053695693342306,1.0877192242251716,1.2641013232657843,0.8728866523029635,1.068601527900952,2.069915
"16,995",16994900,1.3341491048108138,1.1075274636571872,0.586158539088813,0.6391914635007945,1.068242969341975,1.1672683616046997,0.7298897742059413,0.7646046305084998,1.0308668083083818,1.1467023033829247,1.3693700996377467,1.1260853055681448,0.7672120333054786,1.004075741273852,1.0941798007790804,1.2766796841026358,0.8646238069980844,1.0692569285106641,2.073677778
"17,113",17112900,1.3350791191424458,1.1184250877193394,0.5779960497986718,0.6322922878649039,1.071910598917086,1.1788900586152244,0.7126865186192523,0.7734808951240119,1.0165198386168344,1.1466130627538778,1.3803818424449426,1.1356082086308112,0.7495801103132319,1.0036980839670349,1.1018411262536156,1.2866482187716135,0.8542355522657809,1.0699904805502658,2.07663
"17,231",17230900,1.33452891082973,1.1281218911227093,0.5748186877686164,0.6265301689431507,1.0741833923864426,1.1876060610801653,0.6952566671075556,0.7812158152368388,1.0023463888149415,1.14345835266889,1.3907970800397909,1.1436348666762834,0.7332752544458774,1.0036373143249113,1.111687473560602,1.2927448808585325,0.8477675580779975,1.074093268941465,2.079097222
"17,349",17348900,1.3346286957159021,1.1373602512101826,0.5712087048993478,0.6220327733237674,1.0747183528353392,1.1924520549710609,0.6752482038669809,0.7893008988217713,0.98906442925786,1.1439808746313076,1.400968076950572,1.1525435652614184,0.7171866878510201,1.001874090893498,1.1246203751553734,1.2984146688714735,0.8416120834603001,1.0783721082220041,2.08077
"17,467",17467000,1.333869850944158,1.1494436042308396,0.5676920000340481,0.6199727528205122,1.0751871340318493,1.1973370046523915,0.6574841701991342,0.7938346650643413,0.970890066024555,1.1438576689841378,1.4137024560220126,1.165298438079188,0.7033549126775052,1.0018731352109853,1.134989209676893,1.3013302263545363,0.8328590860503389,1.082598502087228,2.080941667
"17,585",17585000,1.3378147254126342,1.157695853443868,0.571176452982436,0.6126887742347179,1.0745332953831093,1.198439362884002,0.6468177091987851,0.7972317963777188,0.9521124666752577,1.1412972165988287,1.4242564391341466,1.175944156167149,0.6884314971033118,1.006648334310535,1.1459035073739772,1.3040635158970235,0.823858453366054,1.0866638946156115,2.080905
"17,703",17703000,1.3387598748889762,1.166512416522394,0.5757512586869687,0.6060346613122957,1.0759870314759188,1.200340957116373,0.642171665339923,0.8003384229406948,0.9352291345157115,1.1405758795673826,1.434883183644562,1.1817604626940355,0.6714804868415597,1.0055796948793723,1.1542974723188328,1.308274786680109,0.8171642385806139,1.0903750612010386,2.081773889
"17,821",17821000,1.3419731231562608,1.1784087197327893,0.5794937595945863,0.5984279466033328,1.0765156175386503,1.20106516386239,0.640639341083313,0.802348500646222,0.920042143749617,1.1428852609080362,1.4476333578285159,1.185484682710627,0.6553091872364172,1.0007167368353211,1.1607061852601332,1.3114114141589364,0.8084660926461943,1.093965463403241,2.082117222
"17,939",17939000,1.3486390885814086,1.1961000102712818,0.5819127733270142,0.5858106585303742,1.0765222591542913,1.2034427177922842,0.6357997495264743,0.8049990432859584,0.9030380916904432,1.145815481834973,1.4607717912340885,1.188351984839929,0.6403035350472157,0.9962641149906751,1.1704548483325927,1.314987765370765,0.7979354297634034,1.0943909961847018,2.081435556
"18,057",18057100,1.3544552098069547,1.2091994842810077,0.5860670543608586,0.5806368130801358,1.0755598259865617,1.206353143292132,0.6321493962449414,0.8115120514702248,0.8844601684148787,1.146374333514507,1.4731219964470452,1.1864988768533964,0.6250243746075691,0.9952972077226471,1.1816377795599189,1.3172525536515345,0.785101199284402,1.094786021744798,2.082191667
"18,175",18175100,1.3594319620738042,1.217860643742021,0.5889889836775916,0.5754363932613243,1.0709545819189534,1.2074167941546374,0.6315214904063106,0.8177994033692536,0.870109375922508,1.1448076954893662,1.4806825328950344,1.1915898467960908,0.6132992571799475,0.9984214329649539,1.192660466015969,1.3145063220787618,0.7773712753907748,1.0926924143618482,2.081285
"18,293",18293100,1.3612666041846684,1.2252017000191133,0.5863774437238244,0.5759654198866097,1.0640666743090192,1.2090943169447403,0.6350184924490121,0.8237564616218793,0.8583778085429793,1.1396621976174892,1.49583265482958,1.1980402509805597,0.5978774294552939,0.9986667284325257,1.2004851339613065,1.3115371179362736,0.7743402027796705,1.0902775710959898,2.077098889
"18,411",18411100,1.3655386965570178,1.2323846340402798,0.5819718142124926,0.5754481433782279,1.0555603267836258,1.2095480136188692,0.6315490891315123,0.8283998387742161,0.8444145865186373,1.1373472098670032,1.5033775599401435,1.2115748897343375,0.5861304833149694,1.002870116283751,1.212008422485303,1.3111974401249094,0.7725964925136741,1.0842879782781016,2.071962778
"18,529",18529100,1.3699681169274063,1.2417544232573148,0.5777016559253825,0.5751456177142593,1.0473277531966485,1.2097668469594332,0.6264180005812212,0.8355430650625382,0.8314460635813986,1.1343386838866172,1.5072625673765727,1.223387745910022,0.5771671820983496,1.004477443639343,1.2279401842967486,1.308003282894942,0.7705946725492843,1.078494769014147,2.064446111
"18,647",18647200,1.3738340528486508,1.2522071434328719,0.5730503360547926,0.5772794691355163,1.0363947025339857,1.2090865170733043,0.6211504754448365,0.8413092182011878,0.8186690361639916,1.1316681449242767,1.5103994092551238,1.2332988195737673,0.5690789463023875,1.0086930462772152,1.2476980099204362,1.30490212596245,0.7671916267388991,1.0714620106016497,2.055550556
"18,765",18765200,1.3818558396339755,1.2602336937373928,0.5696952825170901,0.5745184979357796,1.0259711420977198,1.2031188147780023,0.6170718133670077,0.8446417765055941,0.7979470397315103,1.1330154268322332,1.516293375978053,1.2504353652535622,0.5639868608863644,1.014439200184143,1.2665523309890592,1.3001160922519677,0.7629707862238508,1.0652742694581123,2.044942222
"18,883",18883200,1.3857403566332493,1.2676024626177673,0.5652212331968738,0.5782324884398893,1.0188997930856547,1.2002188551312296,0.611448460552218,0.8449146000218454,0.7811042813005427,1.1360357528761489,1.513955471296952,1.26765302089723,0.5624458045539059,1.0210195594192257,1.286479393057079,1.294337219982055,0.759589492502554,1.0538210420115797,2.036943889
"19,001",19001200,1.38566759733397,1.2775078573825729,0.5628816390382888,0.5752455818725188,1.0120087139945018,1.1952827712895875,0.6149309336853664,0.8469940147104325,0.7595708117883995,1.1360019066756266,1.5089840487382302,1.285818298872807,0.5675793420189138,1.0287143515851673,1.3115234722671019,1.2874871030784432,0.7566050186593541,1.0365769445997073,2.027928889
"19,119",19119200,1.3793588603120908,1.2866390290815448,0.5664802059527523,0.5736980370860679,0.9994888068385765,1.193101076275818,0.6158936372289789,0.8504082118205804,0.7410590054413425,1.1324334974352626,1.5068593143527294,1.3028215037997992,0.5722772161808399,1.0395401644254827,1.3427644045469755,1.2783001833064342,0.7466332428283546,1.0218698693654913,2.024596667
"19,237",19237300,1.3709180831405483,1.2943412365098819,0.5730007347315522,0.5658728088690717,0.9908044569007273,1.1947521617373587,0.6108381353752471,0.8483141156584698,0.7234672186240168,1.1322232980594338,1.500616282731238,1.316259887545725,0.5816898416523506,1.051520295354361,1.3765362058996986,1.2706538876166211,0.7380995438768708,1.0097634196403233,2.023983333
"19,355",19355300,1.3683771621553107,1.2963716196084163,0.5823478254115273,0.5617623168124073,0.976045138982198,1.1830455170343006,0.6131900626603662,0.8522025078122154,0.7125096156057221,1.1337919086554604,1.485126394975941,1.325515084333464,0.600878480111711,1.0628427528356459,1.4141009389707668,1.2538822024171532,0.7308421911327779,0.9967965205575005,2.02457
"19,473",19473300,1.3610113706299618,1.2943216415154852,0.5924349503962333,0.5565301507453863,0.9639113794034085,1.1721115805478468,0.6132685629761593,0.8521587244792036,0.7016327206133655,1.1337976327418382,1.4706009329973821,1.3393132224895858,0.6222608409709088,1.0706787030970766,1.4473664656414522,1.2332365688385891,0.7353497286077295,0.9892427007672497,2.030001667
"19,591",19591300,1.3543427089915219,1.2942762609382716,0.6032867620595417,0.5505261816964405,0.9562515313593567,1.157977741171109,0.6267399094736612,0.8490164887272584,0.6876666880475665,1.1347188257421457,1.4527531959891695,1.3498139894031287,0.6419750434662072,1.0777357339924616,1.481898047363153,1.2073823520147475,0.7400872824622275,0.9825527412818469,2.033086111
"19,709",19709300,1.3518591850858184,1.2848076409276157,0.6129639974412869,0.5499698234417144,0.9494258499107711,1.1365903822448347,0.6437222375419223,0.8459334317293753,0.671698170732289,1.140977110036968,1.4374057240394362,1.356285338017522,0.666970635945042,1.0844923181464976,1.5156564892970525,1.178595993969198,0.7466028079650788,0.9751442118422922,2.031724444
"19,827",19827400,1.3452038940395783,1.2801202848934328,0.6230471297112455,0.5521209908402633,0.9464464874524905,1.1039882372387821,0.6646908505032937,0.84838438774406,0.6576312297697351,1.1495135278700863,1.4237502563062692,1.3589204826159598,0.6930581665296897,1.0873710864103214,1.549467137026988,1.1495190405545868,0.7506398931817884,0.9651512852667792,2.032773889
"19,945",19945400,1.3387214406142731,1.2755049769980937,0.6293639722211902,0.5549636076556761,0.9408346695907659,1.069850818291294,0.6907335374025723,0.8600742037310628,0.6368497021795672,1.1659666888947968,1.4137804538061125,1.3584007860741685,0.7182426145822169,1.0826882556051407,1.5860730995986063,1.11653636351196,0.7610538935464449,0.9492399035909062,2.034758889
"20,063",20063400,1.3246765062180044,1.2710550153848712,0.6440128009779994,0.5623775994984159,0.9350009590991569,1.0418544205267979,0.7199386621666893,0.8745104109957742,0.6193056825209725,1.179204322452139,1.4016597422169903,1.3494152168084728,0.7375921177689138,1.0737667079032778,1.6204115396014853,1.0857220774672942,0.776879754772843,0.931272748048539,2.037807222
"20,181",20181400,1.315799351783522,1.2666664560678003,0.657048352882904,0.5636603460316885,0.9255294010903465,1.0189959497826615,0.7472080457920112,0.8900924904073805,0.600968280683221,1.1984649083589014,1.3895657716411955,1.3397876536242705,0.7484868624826974,1.0719200274559677,1.652024899675365,1.0564980238820072,0.797020879135823,0.90901233790428,2.036522778
"20,299",20299400,1.3150200775583958,1.275789429643032,0.6657540408755023,0.560174368915965,0.9165053249552937,0.9899188028638891,0.7760033040319939,0.9078026007332365,0.5844040802260964,1.218854222084894,1.381521933949209,1.3328422839481195,0.7581845743965546,1.0648162047234444,1.6828491416698592,1.0321295558257424,0.8091761909123248,0.8773844013268689,2.031326667
"20,418",20417500,1.3179627381650845,1.2940939593140828,0.6805440267089763,0.5649884452858321,0.9082650159871579,0.9575072798101273,0.8039058901248104,0.9159267760056564,0.5486912276611237,1.2496336722261299,1.370769662255139,1.332232096252129,0.7655251888648757,1.0646016445824273,1.7042434547514878,0.9925834764587204,0.8242419849042735,0.8534294628639767,2.031116111
"20,536",20535500,1.3125614537319001,1.3237911700255642,0.695179995018797,0.5811172349132248,0.9090870284075314,0.9357114288993125,0.8273961780779514,0.9272780608097863,0.5174757706072867,1.2697009941356057,1.3468053451973927,1.3295477490182877,0.7710818459441265,1.0522406655579404,1.726221610316325,0.9466972118122683,0.8537196474297838,0.823396192189681,2.032975556
"20,654",20653500,1.2991139415735347,1.338567841978675,0.7012073869422445,0.5931054027219594,0.9164203151253889,0.913444388226447,0.8484578765475982,0.9440219541846484,0.49425286230945836,1.3028738069098613,1.331453522706375,1.327997677017753,0.7913653975643916,1.0391401229260249,1.7327907543681944,0.9043862658746563,0.8782819761960294,0.7913134381723835,2.044151222
"20,772",20771500,1.285992500885745,1.3561948605512628,0.711182151144672,0.6086085591831482,0.9159513115568856,0.8755618617757499,0.8738992511013751,0.9618508767782801,0.4838877888529648,1.339543693358699,1.3257795919310502,1.327307465064772,0.8120405398662884,1.0188275040759658,1.7453641830665452,0.854446460322634,0.9035116471410763,0.7476527498459831,2.052348944
"20,890",20889500,1.28032204644208,1.3603762812320812,0.7323505401125231,0.6014315333726353,0.9204677076474724,0.845165251846515,0.9084498116802093,0.9894477729717481,0.48669739898291947,1.373650974054101,1.3135219323107057,1.3378473776883835,0.8240385769817951,0.9891827860040242,1.7514193377396292,0.7996680683966272,0.9182270757528866,0.715275195870016,2.053229778
"21,008",21007600,1.2633990530718389,1.3621315615563832,0.7519611368986949,0.6118146487298312,0.9353466266217153,0.8261553452046324,0.934213696705148,1.0178835750197475,0.49831116255422275,1.4324886364305427,1.2968768441768068,1.3479167470567965,0.8098860238831924,0.9585741748204708,1.7770185873171986,0.7421814135168798,0.9071152781902898,0.6755875182929209,2.034990722
"21,126",21125600,1.226424326500672,1.3699964000226783,0.7768840070162598,0.6128273420775602,0.9265729473264491,0.8209597574813838,0.95670498042202,1.0565969475229855,0.49366284160986657,1.4762851752906565,1.2848645233028169,1.3788924951497843,0.7976480434232777,0.9307469915687516,1.8069763160319974,0.706610314254152,0.8841272884380463,0.644508914065485,2.002337444
"21,244",21243600,1.1929795977729936,1.3443279599126268,0.8084755919273919,0.5975001353972514,0.928466154581442,0.8627368034854072,0.9496228768608947,1.0838580678009355,0.4857141275964083,1.5159828939163649,1.2921445955059416,1.395635076435395,0.7964225272933733,0.8998336176707865,1.8215396098480414,0.7037612749987924,0.8570493748163026,0.6174069926332123,1.974053333
"21,362",21361600,1.1374557899217008,1.3711050549046715,0.8376309139650853,0.5661529336475044,0.9504607721281815,0.8601124970627105,0.9318803463227034,1.0696591534679163,0.5243348758082735,1.5216568365554437,1.2693281989205814,1.4077299941173305,0.8140504920000247,0.8711634865313923,1.8722921416325022,0.7361460931838768,0.837486321543413,0.5762610354936346,1.955579611
"21,480",21479600,1.0653162667807572,1.3410674539451368,0.9018587875367338,0.5687321280682055,0.9732918500590201,0.8211047332252818,0.9399751932086927,1.003463576617349,0.5588734219967673,1.5194672230114163,1.2862658170991312,1.3852816442486051,0.862068207011189,0.8786200253569694,1.8750489428933583,0.7734498700201127,0.8433374608737222,0.557347148238807,1.959845556
"21,598",21597600,0.976544584088223,1.3086168016873037,0.9424922663697274,0.5909778425293173,1.033032085275594,0.8496439104358234,0.904526898584531,1.014706476147884,0.5426144268327229,1.5074697244999766,1.2871589335894245,1.3706680084906586,0.752476861078133,0.9379411236532551,1.8898497128024778,0.811588751407905,0.8620491779593021,0.5700784984197108,1.987277778
